stopName,stopX,stopY
BYC,127.00796999,35.82071324
BYC,127.00778106,35.82043092
CTS전북방송,127.14640711,35.8199967
JTV전주방송,127.0826759,35.8460525
JTV전주방송,127.0829642,35.8459724
KT북전주지점,127.12318242,35.84292878
KT북전주지점,127.12308347,35.84310173
KT정보센터,127.11855733,35.83375079
LS엠트론엔진공장,127.1179573,35.9698093
LS엠트론엔진공장,127.1181823,35.9698397
TBN전주교통방송,127.0814974,35.8480058
TBN전주교통방송,127.0810328,35.847896
cbs기독교방송,127.05519734,35.87469125
test0722,127.2396643,35.9441492
test0722-2,127.2444817,35.9424645
test0817,127.2415512,35.9424961
가는정이,127.10395792,35.59382187
가는정이,127.10387372,35.59397733
가련산로.원대한방병원,127.11554857,35.84538482
가련산로.원대한방병원,127.11545638,35.84571856
가리내로 백제교,127.12462519,35.83489768
가리내로 백제교,127.12591932,35.83487104
가소마을,127.19053678,35.85284536
가소마을,127.19046187,35.85298416
가정.봉판마을,127.19030753,36.03872776
가정.봉판마을,127.19037301,36.03883636
간중초교,127.18141087,35.89163192
간중초교,127.18160281,35.89181831
갈동마을,127.04562061,35.84491779
갈동마을,127.04554711,35.84478138
갈리마을,127.14783481,35.91581423
갈리마을,127.14778834,35.91594135
갈전,127.21540233,35.84511266
갈전,127.21524772,35.8450756
감수리,127.09991732,35.86663278
감수리,127.09995713,35.86702965
감수리주유소,127.1005553,35.865332
감수리주유소,127.1006158,35.8654224
강림교회,127.1415899,35.8401063
강림교회,127.1414516,35.8400743
개태마을,127.03334832,35.8226376
개태마을,127.0312898,35.8218052
갱금.오복마을,127.24747726,36.02095623
갱금.오복마을,127.24732057,36.02109946
거마평로안행교,127.11661714,35.80577968
거마평로이동교,127.11299794,35.81342648
거마평로이동교,127.11388786,35.81288005
거사리마을,127.22844773,36.04671223
거사리마을,127.22835701,36.04690993
거산황궁아파트,127.15251646,35.80588599
거성고속맨션.자원봉사센터.고속버스터미널입구,127.12760002,35.83348524
거성고속맨션.자원봉사센터.고속버스터미널입구,127.12722363,35.8335539
건지광장,127.1287653,35.8467267
건지산이지움,127.1477652,35.8453963
경기장거성아파트,127.12143588,35.83700157
경기장거성아파트,127.12108885,35.83689022
경찰청,127.1048341,35.82542716
경찰청,127.10481248,35.82516699
경천면사무소,127.25226028,36.02199559
경천면사무소,127.25192525,36.02222783
경천저수지,127.23856854,36.01978241
경천저수지,127.23861413,36.01965652
계월리,127.24494863,35.8058649
계월리,127.24542755,35.80601225
고당마을,127.15112865,35.87540405
고덕마을,127.1786263,35.7888747
고덕마을,127.178698,35.7889245
고려병원,127.16748582,35.83923015
고려병원,127.16745218,35.83951413
고려온천아파트,127.0537998,35.9240826
고려온천아파트,127.0537551,35.9241455
고려온천아파트입구,127.0532862,35.9237561
고산고입구,127.20114092,35.97611364
고산고입구,127.20105277,35.97591272
고산농협,127.20494746,35.97549192
고산농협,127.2044494,35.9753476
고산사거리,127.20728256,35.9770131
고산사거리,127.2073242,35.97728377
고산사입구,127.2059475,35.9350544
고산사입구,127.2060639,35.9350547
고산새마을금고,127.2084186,35.9745874
고산새마을금고,127.2085178,35.9747589
고산성당,127.2108344,35.9751883
고산성당,127.2108903,35.9750802
고산시장,127.204958,35.9745879
고산시장,127.2051465,35.9746064
고산신기마을,127.18059075,35.96095614
고산신기마을,127.18077551,35.96087152
고산자연휴양림입구,127.2309205,35.9752431
고산자연휴양림입구,127.2310212,35.9749999
고산창포마을,127.26006699,35.98802108
고산터미널,127.20695051,35.9748106
고산터미널,127.20581534,35.97519123
고속버스터미널.불교회관,127.13009436,35.8343029
고속버스터미널.불교회관,127.13054921,35.83390745
고속버스터미널후문,127.12958796,35.83569905
고속버스터미널후문,127.1290611,35.8356764
고용노동부전주지청,127.16497601,35.83496455
고용노동부전주지청,127.1649914,35.8351482
고잔,127.02458106,35.89259892
고잔,127.0244804,35.89222628
고천마을,127.13986012,35.91286372
고천마을,127.13977806,35.91300145
곡천마을,127.0330693,35.8863494
곡천마을,127.032913,35.8865471
공단주유소,127.08900255,35.8540248
공단주유소,127.0884193,35.8538749
공수내다리,127.14953021,35.80524638
공수내다리,127.14952214,35.80600343
공술마을,126.97936655,35.88115799
공술마을,126.97921314,35.88103051
과학로 청완초교,127.12499475,35.92790433
과학로 청완초교,127.1253209,35.9289018
과학로완주소방서,127.1252694,35.92571
과학로완주소방서,127.1247817,35.9257085
관덕마을,127.2071535,35.9852862
관덕마을,127.2069755,35.985403
관암마을,127.1823042,35.8164993
관암마을,127.1818402,35.8162727
관전마을,127.1892934,35.8721958
관전마을,127.18909117,35.87233167
관촌시장,127.26851128,35.67670354
관촌시장,127.2686781,35.67680568
관촌터미널,127.26968769,35.6733015
관촌터미널,127.27006803,35.67326476
광진선수촌아파트,127.11787983,35.83396213
교동마을,127.11524579,35.68509328
교동마을,127.115395,35.68500367
교육대학교,127.15401613,35.81048588
교육대학교,127.15334569,35.80901653
교육대학교,127.1532378,35.808757
교육대학교전주천서로,127.15403064,35.81016151
구덕마을,127.07863257,35.76933959
구덕마을,127.07841406,35.76946892
구라마을,127.1780362,36.0337712
구라마을,127.1779812,36.0336448
구만리,127.15813098,35.90832815
구만리,127.15814036,35.90907386
구봉동읍사무소,127.16218734,35.93688778
구봉동읍사무소,127.16169754,35.93646965
구사마을,127.03056249,35.85331005
구사마을,127.03034143,35.85328123
구상마을,127.1942824,36.0061575
구상마을,127.1942216,36.0060852
구숙사공원,127.1472735,35.8418858
구숙사공원,127.1472064,35.8420298
구암,127.01882666,35.79870643
구암,127.01866907,35.79861279
구암리,127.14049246,35.74132942
구암리,127.14031486,35.74119258
구억마을,127.16480495,35.86822038
구억마을,127.16464154,35.86818835
구억정미소,127.17076223,35.86379562
구억정미소,127.17070131,35.86367829
구이면사무소,127.11982075,35.73152551
구이면사무소,127.12006301,35.73183549
구이신기마을,127.11278101,35.67555652
구이신기마을,127.11241915,35.67531501
구이중,127.120204,35.73424408
구이중,127.12044955,35.7342099
구이중앙교회,127.11997139,35.72446397
구이중앙교회,127.1202636,35.72401766
구이초교,127.12030727,35.72118644
구이초교,127.12043044,35.722048
구재마을,127.2714923,36.0398866
구재마을,127.2714145,36.0399134
구정마을,127.1118702,35.95097624
구정마을,127.1117425,35.95083037
구중리,127.0772,35.8846204
구중리,127.07695309,35.88533194
구중마을,127.1984639,36.0051538
구중마을,127.1990411,36.0051101
구하마을,127.2031446,36.0041827
구하마을,127.2032227,36.0040477
국립농업과학원,127.04130335,35.83339726
국립농업과학원,127.04095072,35.83326827
국립무형유산원,127.15718728,35.81075971
국립무형유산원,127.15871713,35.81064505
국립무형유산원,127.1581505,35.8091633
국립식량과학원,127.04786527,35.8376419
국립식량과학원,127.04813327,35.83744573
국립원예특작과학원,127.03331339,35.83511782
국립원예특작과학원,127.03357616,35.83535427
국립축산과학원,127.06056845,35.82540047
국립축산과학원,127.06391654,35.82490383
국립축산과학원,127.06261063,35.82678639
국민연금 기금운용본부,127.0696952,35.8355877
국민연금 기금운용본부,127.0689429,35.8354768
국민연금공단,127.0719831,35.8361459
국민연금공단,127.0722382,35.8360747
국민연금공단,127.0701188,35.8387692
국민연금공단,127.0702416,35.8385803
국민은행금암지점,127.13141174,35.8379584
국제재활원,127.23865453,35.9894017
굴신마을,127.04542411,35.89208305
굴신마을,127.04540731,35.89195941
근영여고,127.12264333,35.81698235
근영여고,127.12326236,35.81746507
금강고려화학,127.12563217,35.93881728
금강고려화학,127.12513539,35.93950364
금곡,127.187932,36.0025068
금곡,127.1878771,36.0023714
금구,127.00785721,35.77167081
금구,127.00797762,35.77177094
금구면사무소,127.01113284,35.77418989
금구면사무소,127.01104537,35.77410805
금구파출소,127.0109081,35.7756021
금구파출소,127.0110298,35.7757803
금산사,127.03981679,35.7189048
금산사,127.03978712,35.71874757
금상동,127.1931949,35.83934701
금상동,127.19317527,35.83944993
금상동보건소,127.1854903,35.8397432
금상동보건소,127.1855898,35.839766
금상동성당,127.18042152,35.84498335
금상동성당,127.18129329,35.84501386
금성교회,127.1509498,35.8431498
금성교회,127.1510224,35.8430237
금성마을,127.1258251,35.76465935
금성마을,127.12562776,35.76466046
금성자동차학원,127.16351897,35.87069764
금성자동차학원,127.16381439,35.87077149
금암1동주민센터,127.13363898,35.83678745
금암2동주민센터,127.1422854,35.8381023
금암2동주민센터,127.142391,35.8380215
금암광장,127.1373989,35.8330062
금암광장.청담한방병원,127.13642739,35.83369489
금암시립도서관,127.140352,35.8359191
금암시립도서관,127.1401833,35.8360061
금암시립도서관,127.1371527,35.83642889
금암중앙하이츠,127.13831493,35.83893341
금암중앙하이츠,127.13769274,35.83806254
금암초교입구,127.1369206,35.83655958
금천,127.04200605,35.79066021
금천,127.0416865,35.79072359
금하마을,127.18588406,35.84144892
금하마을,127.18600106,35.84161492
기광산업,127.1189405,35.976385
기광산업,127.1188731,35.976099
기룡마을,127.00248405,35.75098566
기룡마을,127.00270974,35.75097489
기린네거리,127.15461162,35.83331422
기린네거리,127.15505288,35.83345252
기린대로 병무청,127.15240164,35.82134554
기린대로 병무청,127.15214193,35.82102609
기린대로 월드컵경기장,127.0703816,35.8694907
기린대로.원대한방병원,127.11619494,35.8479443
기린대로.원대한방병원,127.11676511,35.84824786
기린대로경제통상진흥원,127.09288621,35.86015131
기린대로경제통상진흥원,127.09252754,35.85976063
기린대로금암광장,127.1377309,35.8330432
기린대로금암광장,127.13783588,35.83345839
기린대로덕진공원,127.11969439,35.84624591
기린대로덕진공원,127.12136775,35.84574561
기린대로현대병원,127.14283256,35.82894399
기린대로현대병원,127.14299561,35.82930275
기린봉,127.161608,35.8212485
기린봉,127.1612903,35.8209852
기린아파트,127.16294574,35.83802125
기린원,127.15825599,35.85863599
기린원,127.15807529,35.85873009
기린중,127.15818391,35.85423569
기린중,127.15760015,35.85455441
기린초교,127.15906367,35.83379185
기린초교,127.15884669,35.83349292
기자촌입구.한옥마을서해그랑블,127.15365306,35.82708046
기자촌입구.한옥마을서해그랑블,127.15429251,35.82776073
기전대재활승마장,126.9967549,35.8245861
기전대재활승마장,126.9969262,35.8246319
기전중.기전여고,127.10129958,35.82505656
기전중.기전여고,127.10080626,35.82532252
기지제,127.0699845,35.8419064
기지제,127.0697953,35.8420725
꽃밭정이네거리,127.13461747,35.79650315
꽃밭정이네거리,127.13558091,35.79654849
낙봉사입구,127.16234717,35.76048113
낙봉사입구,127.16221509,35.76038294
낙성리입구,126.9891785,35.8148501
낙성리입구,126.98983247,35.81485965
낙성리입구,126.9891111,35.8150031
낙성리입구,126.98958226,35.81483493
낙성리종점,126.99029179,35.81145235
낙성리종점,126.99013036,35.81146627
낙수동,126.99272245,35.727879
낙수동,126.99282641,35.72805205
낙수정,127.16328644,35.81430964
낙수정,127.16314232,35.81418114
낙평네거리,127.16304531,35.93063009
낙평네거리,127.16315713,35.93104006
낙평리,127.16395544,35.92685216
낙평리,127.16234212,35.92787194
난산마을,127.16433088,35.74940113
난산마을,127.16423397,35.74951589
난산삼거리,126.99593271,35.87778259
난산삼거리,126.995885,35.87805258
난산초교,126.99593339,35.87732774
난산초교,126.99608171,35.87709627
남고사,127.15656379,35.80508917
남고사,127.1564333,35.80516956
남고사아파트입구,127.1578615,35.8066136
남고사아파트입구,127.1579338,35.8065327
남고사입구,127.15795883,35.80737619
남고사입구,127.15791314,35.80751107
남관,127.23219927,35.72335285
남관,127.23172784,35.72350102
남노촌,127.16103991,35.81621072
남노촌,127.16095519,35.8159242
남동마을,127.23713068,36.03770037
남동마을,127.23737445,36.03773797
남봉마을,127.1987028,35.9686128
남봉마을,127.1989359,35.9685413
남부시장,127.1488857,35.81273721
남부시장,127.14973099,35.81132263
남악마을,127.20411573,35.94415409
남악마을,127.20398769,35.94419144
남정리,127.0180281,35.86804929
남정리,127.01779306,35.86805192
남정리입구,127.01745216,35.87564671
남정리입구,127.0174152,35.8759515
남정리입구,127.01766116,35.87579598
내원당마을,127.1710523,35.7933083
내원당마을,127.1709966,35.7933802
노점마을,127.1028337,35.6281886
노점마을,127.103002,35.6284946
녹동마을.상운리입구,127.157274,35.888646
녹동마을.상운리입구,127.1572692,35.8884837
농소전원마을,127.09899594,35.81865221
농소전원마을,127.09919185,35.8189421
농수산시장 내,127.11700919,35.86798443
농수산시장 내,127.11694495,35.86778567
농수산시장.메가박스,127.1146514,35.86897
농수산시장.메가박스,127.1147953,35.868984
농식품인력개발원,126.98614648,35.87793695
농식품인력개발원,126.98660066,35.87777917
농원,126.95913611,35.88430172
농원,126.95896395,35.88443408
농원1구,127.09261872,35.92343856
농원1구,127.09247486,35.92339396
농원2구,127.09027536,35.92603042
농원2구,127.09019942,35.92588932
농원삼거리,127.02402268,35.83462697
농원삼거리,127.02406364,35.83489769
농원입구,127.08999897,35.91948337
농원입구,127.0900371,35.91964643
농원종점,127.08866793,35.92735564
농원종점,127.0885037,35.92734387
농은마을,127.15067606,35.88006292
농은마을,127.15051623,35.88000647
농촌진흥청동문,127.0583812,35.83246031
농촌진흥청동문,127.05875961,35.83228302
농촌진흥청오공공원,127.05724821,35.83286486
농협공판장,127.1105547,35.7922449
농협공판장교차로,127.1069705,35.7935442
농협공판장교차로,127.106636,35.794048
농협태평지점,127.13762782,35.82253727
농협태평지점,127.13745777,35.82246074
농협평화지소,127.13135157,35.79506129
능암마을,127.1569511,36.0198148
능암마을,127.1570069,36.0197473
다가교,127.13925742,35.8173306
다가교서문교회,127.1395377,35.81552583
다리경로당,127.2575132,35.8819524
다리경로당,127.2576628,35.8819391
다리목,127.26037773,35.88457275
다리목,127.26054127,35.88447723
다자미마을,127.2836849,35.9104445
다자미마을,127.2836357,35.9101829
단암사,127.2093966,35.85653277
단암사,127.20918964,35.8565779
단암사,127.2088384,35.8561898
단암사,127.2086716,35.8563787
단지,127.2688715,35.9340741
단지,127.2687053,35.9340647
단지마을,127.2813344,35.9128024
단지마을,127.2813005,35.9130458
담곡마을,127.1755356,36.0020376
담곡마을,127.1754412,36.0020598
담원식당입구,127.0325203,35.7867721
담원식당입구,127.03228728,35.78696993
당마마을,127.0181937,35.8657476
당마마을,127.0181049,35.8657788
당마마을입구,127.015596,35.8672374
당마마을입구,127.0155789,35.867323
대곡,127.31576635,35.82063695
대곡,127.31591908,35.82061988
대농,127.01340558,35.85121459
대농,127.01331347,35.85111575
대덕경로당,127.10910251,35.66154768
대덕경로당,127.10928995,35.6615761
대덕마을,127.11241936,35.66092685
대덕마을,127.11225357,35.66124196
대덕삼거리,127.10988966,35.65770024
대덕삼거리,127.10964571,35.65778857
대륜산업,127.13232253,35.95550766
대륜산업,127.13178226,35.95519702
대모,127.11538059,35.64180444
대문안,127.04767346,35.79796539
대문안,127.04796259,35.79784149
대문안,127.04750798,35.79408791
대문안,127.04752133,35.79446159
대문안종점,127.04764591,35.79562666
대문안종점,127.04783026,35.795647
대방빌딩,127.06108976,35.83842258
대성경로당,127.1781448,35.7949504
대성경로당,127.1782332,35.7949777
대성동도로교통공단,127.1709477,35.8009501
대성동도로교통공단,127.1709038,35.80074242
대성동종점,127.1690185,35.8004534
대성슈퍼,127.1422394,35.8347887
대성슈퍼,127.1421066,35.8347703
대성참조은아파트,127.1710162,35.7966757
대성참조은아파트,127.1711048,35.7966715
대송장례식장,127.1355747,35.8694636
대승리,127.2925946,35.85594648
대승리,127.29251091,35.85606078
대승리입구,127.29029315,35.85453682
대승리입구,127.29017936,35.85470882
대아삼거리,127.2890165,35.97995104
대야,127.0425349,35.7927383
대야,127.04274653,35.79258606
대우빌딩,127.1465455,35.82578923
대율리입구,127.02953496,35.7861173
대율리입구,127.0290473,35.78651248
대율마을,127.0235042,35.7849141
대주코레스,127.1218837,35.9658213
대주코레스,127.1217364,35.9657821
대지마을,127.14308131,35.85806945
대지마을,127.14319628,35.8576737
대진빌딩,127.10177856,35.82265835
대진빌딩,127.10193323,35.82268204
대치,127.1528459,36.0425932
대치,127.151539,36.0419042
대판마을,127.2271997,35.78616674
대판마을,127.22742579,35.78617401
대한적십자사,127.0659653,35.8538202
대한적십자사,127.0662198,35.8538572
대흥리,127.2435334,35.8776497
대흥리,127.03941419,35.87727818
대흥리,127.2437331,35.8775509
대흥리,127.03972137,35.87700746
덕동,127.01375475,35.86584684
덕동,127.01386496,35.86582356
덕동마을,127.1919573,36.0661385
덕동마을,127.1921567,36.0662472
덕산마을,127.19801006,35.78189092
덕산마을,127.19801334,35.78259605
덕암마을,127.17894358,35.90370641
덕암마을,127.17877556,35.90388552
덕일초중,127.11385266,35.84909503
덕진경찰서,127.09439636,35.84355976
덕진경찰서,127.09327156,35.8436462
덕촌,127.09645064,35.84168682
덕촌,127.09679973,35.84196812
데크항공사거리,127.1254024,35.9541522
데크항공사거리,127.1252638,35.9541518
도계마을,127.17758986,35.89055594
도계마을,127.17726432,35.89060297
도도리,127.0173065,35.8839988
도도리,127.01714148,35.88422788
도도리입구,127.0203284,35.8763707
도도리입구,127.0201288,35.876388
도리실마을,126.9652228,35.83490253
도리실마을,126.96542764,35.83490254
도립국악원,127.11968893,35.84934543
도립국악원,127.11891029,35.84907486
도립여성중고 롯데마트,127.11979367,35.85361352
도매다리,127.15641016,35.83465968
도매다리,127.1565985,35.83462885
도시첨단산업단지,127.08507649,35.86358541
도시첨단산업단지,127.0852655,35.86308036
도토리골다리,127.13676333,35.82045026
도토리골다리,127.13657217,35.82025314
독배마을,127.06465206,35.76310092
독배마을,127.0648063,35.76306924
돈의마을,127.18965777,36.05235912
돈의마을,127.18990174,36.05237879
돌꼭지,127.0364036,35.8242533
돌꼭지,127.0363565,35.8243496
동계,127.01706647,35.89276591
동계,127.01697566,35.89276907
동국아파트,127.13292676,35.82763312
동국아파트,127.13327081,35.82749939
동둔마을,127.01587995,35.80283064
동둔마을,127.01589931,35.80297515
동리,127.13062439,36.01257825
동리,127.13045681,36.01249756
동봉마을,127.231475,35.9801716
동봉마을,127.2315587,35.9800365
동부대로 농수산시장,127.1175725,35.8696339
동부대로 농수산시장,127.1184873,35.8699127
동부대로고려병원,127.1680661,35.8407513
동부대로고려병원,127.168453,35.8409056
동부대로신기마을,127.16291741,35.84647497
동부대로아중천,127.17308208,35.83507318
동부대로여의역,127.0855709,35.8749239
동부대로여의역,127.0841438,35.8756177
동부대로전주역,127.160103,35.85042866
동부대로전주역,127.16063486,35.84881087
동부시장,127.15085875,35.81964957
동부시장,127.15058311,35.81983521
동상,127.29628865,35.93797499
동상,127.29613619,35.93790612
동서학거산황궁아파트,127.15377155,35.80678798
동서학거산황궁아파트,127.1537176,35.8065891
동성마을,127.1213679,35.6968855
동성마을,127.1214894,35.6969174
동아정밀공업,127.13966572,35.94628235
동아정밀공업,127.13940283,35.9462808
동암차돌학교,127.09381692,35.81097716
동암차돌학교,127.09411596,35.81095237
동적골,127.12479192,35.75288396
동적골,127.12508145,35.75301525
동전주우체국,127.14664986,35.84463013
동제마을,127.06334892,35.85836557
동제마을,127.06345516,35.85887418
동중학교,127.15118106,35.83842578
동중학교,127.15075133,35.83782996
동촌마을,127.15919066,35.9198927
동촌마을,127.15934129,35.91984653
동향동마을,127.2762606,36.0581454
동향동마을,127.2764156,36.058299
두목마을,127.28279201,35.81524728
두목마을,127.28298941,35.81524498
두방마을,127.12087473,35.74632438
두방마을,127.12067282,35.74621646
두억마을,127.19142252,35.89601705
두억마을,127.19150044,35.89588831
두억삼거리,127.1873329,35.8932992
두억삼거리,127.1873213,35.8934344
두현마을,127.07121707,35.83226303
두현마을,127.07170873,35.83179932
두현마을,127.12152971,35.74296698
두현마을,127.1217133,35.74310579
두현마을,127.07221289,35.83228875
둔산라송아파트,127.1221577,35.9605152
둔산라송아파트,127.1218746,35.96051358
둔산코아루1차아파트,127.12703871,35.96138092
둔산코아루1차아파트,127.126515,35.9618481
둔산코아루2차아파트,127.122735,35.96226927
둔산코아루2차아파트,127.12275813,35.96190743
뒷멀마을,127.1927733,35.8025848
뒷멀마을,127.1928617,35.8026166
득룡교,127.00516569,35.87545851
득룡교,127.0050109,35.87523353
득자마을,126.99889135,35.87678825
득자마을,126.99907499,35.87693501
득정마을,127.0346832,35.8509821
득정마을,127.0345557,35.8510131
땟골마을,127.0183037,35.8406049
땟골마을,127.0183363,35.8407133
떡정거리,127.10210921,35.77627977
떡정거리,127.10200712,35.77639583
라복마을,127.207468,36.0178732
라복마을,127.20762602,36.0181044
마교마을,126.96447282,35.83607146
마교마을,126.96463498,35.83616606
마그내다리,127.165439,35.9251687
마그내다리,127.1653387,35.9250368
마다리,126.99629893,35.84571051
마다리,126.99636443,35.84578316
마당재,127.16312986,35.82516776
마당재,127.16338169,35.82493459
마당재사거리,127.1614752,35.8238429
마동,127.06647227,35.79071324
마동,127.0663185,35.7905418
마산,127.05851095,35.79146435
마산,127.05867106,35.79121792
마수마을,127.24861103,35.86960469
마수마을,127.24846245,35.86950082
마암리,127.10274369,35.61587158
마암리,127.10256583,35.61501936
마암분교,127.12479327,35.59366113
마암초교,127.10541095,35.60420968
마암초교,127.10565233,35.60433766
마월리,127.19721877,35.85917531
마월리,127.19701981,35.85908985
마음마을,127.12023249,35.70631315
마음마을,127.12005222,35.70649648
마전교.본병원,127.11496336,35.82548646
마전교.본병원,127.11505463,35.82531421
마치교,127.2234877,35.7802009
마치교,127.2229458,35.7801275
마치마을,127.24443924,35.77606635
마치마을,127.24430907,35.77620521
마치삼거리,127.22563343,35.77898428
마치삼거리,127.22563831,35.77886217
마치신덕마을,127.23546009,35.77361691
마치신덕마을,127.23545066,35.773491
막은댐,127.10342204,35.61877348
막은댐,127.10364081,35.61870064
만동,127.12035677,35.98063526
만동,127.12066723,35.98063754
만동마을,127.1182119,35.97922195
만동마을,127.11806942,35.97938165
만성LH퍼스트리움,127.0748123,35.8369466
만성LH퍼스트리움,127.0739395,35.8376198
만성골드클래스정문,127.0788275,35.8461031
만성골드클래스정문,127.0793877,35.8469706
만성골드클래스후문,127.0783678,35.8492752
만성골드클래스후문,127.0778368,35.8491651
만성도시상가,127.0784492,35.8422609
만성도시상가,127.0782733,35.8420079
만성동로 TBN전북교육방송,127.0807222,35.8473738
만성동로 TBN전북교육방송,127.0805571,35.8471839
만성동로 만성시티프라디움,127.0772661,35.8398432
만성동로 제일풍경채아파트,127.0775322,35.839772
만성동로만성중흥S클래스,127.0803397,35.844298
만성동로만성중흥S클래스,127.0806283,35.8441637
만성시티프라디움,127.0746089,35.839777
만성시티프라디움,127.0736286,35.8388133
만성에코르,127.0773503,35.8448357
만성중흥S클래스,127.0776389,35.8447105
만성초등학교,127.06468753,35.83692619
만성초등학교정문,127.0656964,35.8356996
만성초등학교정문,127.0657399,35.835844
만수동마을,127.2527895,36.0444836
만수동마을,127.2528454,36.0443395
만절리고개,127.08156919,35.82308766
만절리고개,127.08120102,35.82352817
망산마을,127.12105396,35.71167618
망산마을,127.12052036,35.7119607
망산마을입구,127.12005316,35.70895595
망산마을입구,127.11988731,35.70889263
망월리,127.09597592,35.77467522
망월리,127.09574177,35.77449441
매곡교.시립도서관,127.14575373,35.8113473
매산교,127.1029292,35.6816419
매산교,127.10326139,35.68157227
매산마을,127.10219284,35.68232083
매산마을,127.10161752,35.68239766
매암노인회관,127.0272582,35.8738494
매암노인회관,127.0273803,35.8738048
매암마을,127.0277171,35.8760376
메가월드,127.1124312,35.8699511
메가월드,127.112454,35.8698105
면허시험장월드컵경기장,127.06874558,35.8629971
면허시험장월드컵경기장,127.06862571,35.86404003
면허시험장월드컵경기장,127.06967624,35.86418729
명곡,127.12832427,36.018054
명곡,127.12803297,36.01822566
명덕교,127.20873474,35.85426614
명덕교,127.20804751,35.85431732
명덕리,127.21157048,35.86274103
명덕리,127.21138946,35.86325931
명석마을,127.18560086,35.95188649
명석마을,127.18542517,35.9519516
명성아파트,127.0783473,35.8771889
명주골네거리.대자인병원,127.15287844,35.84548171
명주골네거리.대자인병원,127.15317879,35.84573059
명지목마을,127.31588889,35.94738056
명탄마을,127.125206,35.9224803
명탄마을,127.1249879,35.9224174
모고지마을,127.0129311,35.82085984
모고지마을,127.01292975,35.8206748
모다아울렛,126.994659,35.817286
모다아울렛,126.9936676,35.81652
모다아울렛종점,126.9921056,35.8184428
모래내,127.14384075,35.83167509
모래내,127.14373151,35.83203886
모래내시장,127.14549767,35.83305726
모래내시장,127.14490334,35.83301705
모래내입구,127.1423091,35.8328279
모래내입구,127.1424358,35.832968
모래재휴게소,127.31275137,35.82897536
모래재휴게소,127.31287862,35.82915033
모산종점,126.97206278,35.82926991
모산종점,126.97194033,35.82900931
모아엘가아파트,127.1221527,35.962892
모아엘가아파트,127.1219443,35.9628886
모악추모공원,127.0745004,35.767559
모악추모공원,127.0744556,35.767667
모악호수마을,127.1198941,35.7277121
모악호수마을,127.1200254,35.7280011
모정마을,127.22944364,35.79308925
모정마을,127.22934089,35.79323363
목련마을,127.0709176,35.7862034
목련마을,127.0707957,35.7862391
목효마을,127.16315294,35.87830184
목효마을,127.16328097,35.87847868
묘동마을입구,127.2287491,35.7892895
묘동마을입구,127.2289374,35.7892178
무관마을,127.11915341,35.98315002
무관마을,127.11882197,35.98303944
묵계,127.30618133,35.92442736
묵계,127.30603524,35.92435977
문장마을,127.14210557,35.99215504
문장마을,127.14164199,35.9922916
문정마을,127.12733296,35.77799535
문정마을,127.1279211,35.77781936
문정초교,127.12802794,35.77512521
문정초교,127.12812767,35.7751079
미남마을,127.2268892,36.0574192
미남마을,127.2269885,36.0575998
미래페이퍼,127.08532363,35.84963967
미래페이퍼,127.08472671,35.84963192
미래페이퍼교차로,127.0838226,35.848068
미산초교,127.109426,35.8832535
미산초교,127.1092948,35.8829105
미산초교,127.10936072,35.88305057
미산초교,127.10978066,35.8829579
미서마을,127.2245478,36.0601907
미서마을,127.224826,36.0600201
미치마을,127.09104106,35.70150085
미치마을,127.09073602,35.70130439
민목리,127.2526613,35.8122872
민목리,127.25295996,35.81224098
반곡삼거리,127.2870177,35.844155
반곡삼거리,127.2869788,35.8442
반교리,127.03112939,35.84409633
반교리,127.0312798,35.84406917
반월동 삼오아파트,127.07016309,35.8741509
반월동 삼오아파트,127.07013771,35.87385833
반월동농협,127.06406688,35.87402808
반월동농협,127.06404241,35.87422617
반월주공아파트,127.07261016,35.87383249
반월주공아파트,127.07245896,35.87412321
반월초교,127.07572981,35.87625094
반월초교,127.0757897,35.87566609
발단마을,127.114969,35.8713261
발단마을,127.1148112,35.8714139
밤티마을,127.31082744,35.88042722
밤티마을,127.31085424,35.87992166
방곡마을,127.13640555,36.00467973
방곡마을,127.13610882,36.00473908
방죽안마을,127.02774493,35.8650958
방죽안마을,127.02760176,35.86518307
배나무골,127.13868959,35.84124683
배매산,127.1252221,35.9488863
배매산,127.1256453,35.9508351
배미실새터,127.15962099,35.86891125
배미실새터,127.15973188,35.86917369
배을마을입구,127.14412739,35.93175899
배을마을입구,127.14408215,35.93120193
배을마을입구,127.14378914,35.93137801
배을마을입구,127.14394814,35.93168
백구,126.96995518,35.89038737
백구,126.9701521,35.89050602
백도마을,127.1622463,36.0025869
백도마을,127.1622457,36.0027221
백석,127.2346961,36.0884646
백석,127.2347634,36.0882845
백석네거리,127.12969941,35.88698345
백석네거리,127.12962516,35.88683883
백석마을,127.12746806,35.88839492
백석마을,127.12777806,35.88857992
백석제,127.12869961,35.88356675
백석제,127.12843519,35.88364057
백암마을,127.21847345,35.75219667
백암마을,127.21864727,35.75260431
백오동삼거리,127.0373494,35.7216148
백오동삼거리,127.0375371,35.7216606
백운암마을,127.2419025,35.895453
백운암마을,127.24281151,35.88925534
백운암마을,127.2417911,35.8956511
백운암마을,127.24303354,35.88920266
백자동,127.17164531,35.84183281
백자동,127.17091285,35.84109586
백자삼거리,127.1719365,35.8411902
백제대,127.12774868,35.99473314
백제대,127.12764367,35.99493719
백제대로중산공원,127.1224763,35.8242611
백제대로한국전기안전공사,127.155015,35.847482
백제대로효자광장,127.12338287,35.80664945
백제대원룸단지,127.12168314,35.99302858
백제대원룸단지,127.12243784,35.99298003
백제대입구,127.11749369,35.98481421
백제대입구,127.1167171,35.98484455
번대마을,127.23029485,36.00062288
번대마을,127.2302077,36.00046009
법원검찰청,127.0744314,35.8439959
법원검찰청,127.0742556,35.8437428
법조타운입구,127.07870782,35.85146089
벽성대,127.1560683,35.89917939
벽성대,127.15655639,35.89933762
별산리,127.09489278,35.91914535
별산리,127.09486981,35.9188789
보상마을,127.168542,35.9319952
보상마을,127.1686913,35.9320858
보훈지청 롯데마트,127.1019943,35.81647317
복고시기마을,127.18916427,35.85897688
복고시기마을,127.18912355,35.85916459
봉계마을,127.17985736,35.91302042
봉곡,127.18032891,35.96379459
봉곡,127.18015228,35.96372128
봉덕교삼거리,127.2494756,35.8678617
봉덕교삼거리,127.2493261,35.8678389
봉덕마을,127.25174238,35.86949423
봉덕마을,127.25202488,35.87014164
봉동농협,127.16668166,35.93872548
봉동농협,127.16729171,35.93914303
봉동신기마을,127.15571603,35.93495534
봉동신기마을,127.15571629,35.93479253
봉동신진맨션아파트,127.16867406,35.9419505
봉동신진맨션아파트,127.16858868,35.94217268
봉동오투그란데,127.1303445,35.9951106
봉동오투그란데,127.1301236,35.9948936
봉동읍생활복지센터,127.1646843,35.9419219
봉동전통시장,127.16815446,35.93783158
봉동전통시장,127.16841282,35.93746305
봉동주공아파트,127.16123509,35.92952914
봉동주공아파트,127.16083438,35.92929823
봉산마을,127.19048141,36.04346007
봉산마을,127.17220627,35.96999628
봉산마을,127.19012687,36.0434036
봉산마을,127.1729352,35.96993155
봉산마을삼성생명연수원,127.01664423,35.77928343
봉산마을삼성생명연수원,127.01654079,35.77943628
봉서로 상운리,127.16112758,35.88938144
봉서로 상운리,127.16116236,35.88955118
봉은마을,127.00050373,35.73807185
봉은마을,127.00065808,35.73798985
부교마을,126.97916786,35.821445
부교마을,126.97928748,35.82157934
부남마을,127.19370554,35.78923161
부남마을,127.193633,35.78864799
부동마을,127.04621871,35.86626607
부동마을,127.04608744,35.866307
부용,126.95068055,35.87763574
부용,126.95046527,35.8777075
부평,127.11865976,35.77807388
부평,127.11868606,35.77815592
부현마을,127.18753046,36.06279952
부현마을,127.18779778,36.0627112
부현삼거리,127.1854242,36.069809
부현삼거리,127.1859575,36.0697563
부흥마을,127.24255175,35.79946269
부흥마을,127.2426376,35.79973063
북문,127.14596591,35.82067316
북일초교,127.15521267,35.84087789
북일초교,127.15489706,35.84067342
분내,127.1362082,35.8702093
분내마을,127.1351696,35.8696382
분토종점,127.2256574,35.87069209
분토종점,127.22551518,35.87077134
불노리,126.98271149,35.8153952
불노리,126.98085331,35.8151788
불노리,126.9809199,35.8149437
불노리,126.98246647,35.81528677
불재,127.1456436,35.7219382
불재,127.145787,35.7220288
뷰텍,127.12970697,35.95863393
뷰텍,127.12979359,35.95878836
비룡마을,126.9907045,35.84463282
비룡마을,126.99084492,35.84470558
비봉종점,127.14032361,35.99486847
비봉종점,127.14019723,35.99472473
비봉파출소,127.13778114,35.99652724
비봉파출소,127.13793562,35.99660045
비비정,127.07680278,35.90065887
비비정,127.07652666,35.90066282
비송골,127.11537143,35.75293795
비송골,127.11459369,35.75349669
비아마을입구,127.09961421,35.77890013
비아마을입구,127.09956801,35.77897196
비전대학교,127.09371706,35.80764061
비전대학교,127.09383808,35.80780062
비전대학교입구,127.0957418,35.806547
비전대학교입구.휴먼시아4단지,127.09531268,35.80661703
비행장,127.113504,35.87492509
비행장,127.11327864,35.87487833
사기마을,127.1596893,35.6898536
사기마을,127.1598768,35.6899262
사대마을,127.1682826,35.8036179
사대마을,127.1683495,35.8035009
사대부고사거리,127.14108421,35.84346261
사대부고사거리,127.140333,35.842591
사대부고사거리,127.1404603,35.8425914
사대부고사거리,127.13992156,35.84259848
사동마을,126.97527905,35.81506032
사동마을,126.97616495,35.81530821
사랑숲노인요양병원,127.20498626,35.94241193
사랑숲노인요양병원,127.20482056,35.94235676
사옥마을,127.2232939,35.74003115
사옥마을,127.22359515,35.74012969
사치마을,127.1491416,35.9877091
사치마을,127.14900785,35.98737328
산동교회,127.00915281,35.80716248
산동교회,127.00938273,35.80723286
산림항공관리소익산지점,127.103876,35.95439145
산림항공관리소익산지점,127.10368584,35.95439826
산바위입구,127.21432598,35.76905363
산바위입구,127.21414966,35.76907973
산시,127.1451161,36.0383782
산시,127.145549,36.0383795
산업단지 한전,127.12275558,35.95548711
산업단지 한전,127.12280176,35.95526671
산장마을,127.11651697,35.96151374
산장마을,127.1164757,35.96180929
산정리종점,127.00488691,35.8362964
산정리종점,127.00500726,35.83619416
산정마을,127.17335106,35.84945892
산정마을,127.24886091,35.69596732
산정마을,127.17312355,35.8495391
산정마을,127.2500865,35.69546834
산정우정신세계아파트,127.16675918,35.84195743
산정우정신세계아파트,127.16706589,35.84221628
산지촌마을,126.99027003,35.86404858
산지촌마을,126.99011229,35.86400348
산천수목원입구,127.3004034,35.9787832
산천수목원입구,127.3004475,35.9788599
삼경사,127.15448794,35.80143367
삼경사,127.15464303,35.80141327
삼기삼거리,127.22101772,35.98859507
삼기삼거리,127.22132922,35.98853342
삼례농협,127.0748464,35.9120424
삼례농협,127.07488992,35.91188075
삼례대영아파트,127.08102906,35.91594425
삼례대영아파트,127.08046972,35.91580375
삼례동원아파트,127.08240242,35.91710895
삼례동원아파트,127.08227641,35.91665242
삼례문화센터,127.08407175,35.91782432
삼례문화센터,127.08383612,35.91804306
삼례문화예술촌,127.0654044,35.907048
삼례문화예술촌,127.0654271,35.9069489
삼례사거리,127.0720617,35.9109316
삼례사거리,127.0723103,35.9110678
삼례시장,127.07277811,35.91010772
삼례시장,127.07322032,35.91021521
삼례시장,127.07327591,35.91109004
삼례시장,127.0733218,35.91095521
삼례역,127.06532692,35.90536937
삼례역,127.06499397,35.90542085
삼례우성아파트,127.07527444,35.90659375
삼례우성아파트,127.07552036,35.90676984
삼례읍행정복지센터,127.0775301,35.9138145
삼례읍행정복지센터,127.0776336,35.9137472
삼례주공아파트,127.0784126,35.9187809
삼례주공아파트,127.0784682,35.9187405
삼례중,127.08668994,35.9196071
삼례중,127.08672909,35.91919292
삼례터미널,127.0747658,35.9099089
삼례터미널,127.0749043,35.9099229
삼바실,127.03852371,35.78840716
삼바실,127.03734072,35.78837279
삼봉로 청완초교,127.12566475,35.92678638
삼봉로 청완초교,127.1268368,35.9271394
삼봉로완주소방서,127.12122555,35.92662058
삼봉로완주소방서,127.1213869,35.9262929
삼산리,127.07470013,35.80421204
삼산리,127.0747208,35.80430504
삼산리입구,127.08765285,35.79681009
삼산리입구,127.08650417,35.79649443
삼산마을,127.0756479,35.8060261
삼산마을,127.0755822,35.8058951
삼성문화회관,127.1307982,35.8436702
삼우중,127.02237918,35.82453192
삼우중,127.02255282,35.82450786
삼전2리마을,127.1652149,36.0929158
삼전2리마을,127.1650041,36.0928611
삼중리,127.28492857,35.8299422
삼중리,127.28513552,35.82993694
삼중새터,127.2835704,35.8258379
삼중새터,127.2834982,35.8259189
삼천개나리아파트,127.12804271,35.79853459
삼천광진목화아파트,127.12434576,35.80239317
삼천광진목화아파트,127.12468479,35.80227427
삼천교,127.11135077,35.78552135
삼천교,127.11251691,35.78529694
삼천대왕장미아파트,127.11696879,35.78977178
삼천대왕장미아파트,127.1167769,35.7910757
삼천동종점,127.0795712,35.8016922
삼천동종점,127.0796587,35.8018819
삼천삼익아파트막걸리골목,127.12594331,35.79739139
삼천세경아파트,127.12251059,35.80080631
삼천세경아파트,127.1226038,35.80121321
삼천세창 짜임아파트,127.12768493,35.79863326
삼천신일강변아파트,127.11441806,35.79854192
삼천신일강변아파트,127.11443671,35.79877093
삼천신일아파트,127.1303768,35.7974818
삼천신일아파트,127.13109865,35.79746211
삼천쌍용1단지,127.12653165,35.80119379
삼천오성대우아파트,127.12611991,35.79719125
삼천우성그린아파트,127.1262537,35.79492566
삼천우성아파트,127.13035529,35.79526084
삼천주공4.5단지,127.11423809,35.79261956
삼천주공4.5단지,127.11495585,35.79235161
삼천주공6단지,127.1100579,35.79612532
삼천주공6단지,127.11042711,35.79612176
삼천지구대,127.12035368,35.79994928
삼천지구대,127.12040447,35.79971167
삼천호반리젠시빌,127.11104403,35.79881381
삼천호반리젠시빌,127.1108342,35.79859981
삼천흥건1차아파트,127.11700898,35.79404556
삼천흥건1차아파트,127.1167361,35.79420696
삼천흥건2차아파트,127.11672632,35.79604654
삼천흥건2차아파트,127.11701112,35.79602062
삼태동,127.04080209,35.81386724
삼태동,127.04082916,35.81360615
삼태마을,127.21424629,35.87755599
삼태마을,127.21411915,35.87740718
삼호아파트,127.16224477,35.83820735
삼화동,127.08889106,35.88784692
삼화동,127.08865565,35.88779937
상관농협,127.21003044,35.76833754
상관농협,127.2099731,35.7686679
상관농협,127.2103849,35.7682839
상관농협창고,127.20526319,35.77409709
상관농협창고,127.20512177,35.77402099
상관전,127.1890133,35.8758466
상관전,127.1888592,35.8755938
상관주민센터,127.20863961,35.77032849
상관주민센터,127.20857051,35.77011957
상구미리,127.1397644,35.92997783
상구미리,127.14009995,35.92979719
상리,127.29689094,35.86062037
상리,126.96876054,35.8155237
상리,126.96877623,35.81578463
상리,127.29668572,35.86064584
상망표,127.23973606,35.84110862
상망표,127.2395354,35.84107106
상분토,127.2285681,35.8681382
상분토,127.2289228,35.8680669
상산고,127.11661146,35.80351383
상산고,127.11697945,35.80362255
상삼마을,127.1782447,35.86069463
상삼마을,127.22142338,35.99366178
상삼마을,127.22115864,35.99351585
상삼마을,127.17821626,35.86055286
상신마을,127.12819233,35.90783403
상신마을,127.12811065,35.90795133
상와리,127.1132991,35.9116461
상와리,127.11328014,35.91178762
상용마을,127.10071311,35.63495542
상용마을,127.23877949,36.01169021
상용마을,127.23893479,36.0116912
상용마을,127.10047686,35.63489034
상용화기술센터,127.0866481,35.8584192
상용화기술센터,127.0871226,35.8587544
상운리입구,127.15661063,35.88820668
상운리입구,127.15617155,35.88886314
상운암,127.159177,35.6595778
상운암,127.1593092,35.6596684
상원신마을,127.2127541,35.7678054
상원신마을,127.2127932,35.7677018
상중마을,127.1373336,35.8794515
상중마을,127.1373362,35.878888
상진신협,127.14389968,35.82265575
상진신협,127.14318146,35.82255149
상척마을,127.15710783,35.75592506
상척마을,127.15712156,35.75570481
상하보,127.16071736,35.77171811
상하보,127.16080896,35.77157084
상학,127.11141982,35.73221642
상학,127.11146001,35.73204559
새가웃뜸,127.0100011,35.8683282
새가웃뜸,127.0100226,35.8684455
새금동,127.04973885,35.82438006
새금동,127.04816926,35.82359648
새마을금고.한국국토정보공사,127.14966739,35.84549391
새만금항공,127.2819166,35.8221103
새만금항공,127.2817611,35.8222903
새완주병원,127.1253479,35.9574618
새완주병원,127.1258239,35.9576391
새전주요양병원,127.07280948,35.87076042
새전주요양병원,127.07310765,35.87073024
새터,127.02303292,35.81677449
새터,127.27446451,35.84428908
새터,127.02284987,35.81687624
새터,127.27429367,35.84440298
새터,127.11778905,35.9887678
새터,127.1180655,35.98889346
새터마을,127.04731316,35.80408179
새터마을,127.04748323,35.80416287
색장동,127.18657383,35.79761756
색장동,127.18607192,35.79750993
생물산업진흥원,127.0625166,35.85077956
생물산업진흥원,127.06270001,35.8505926
서계마을,126.9972955,35.7718368
서계마을,127.14326158,35.89742758
서계마을,126.9973227,35.7719
서계마을,127.1433986,35.89759204
서고사,127.0802569,35.84110278
서고사,127.0809075,35.8418277
서곡광장,127.09981619,35.83789306
서곡그린공원,127.10377881,35.8318029
서곡그린공원,127.10305582,35.83235824
서곡마을,127.09828902,35.83590776
서곡마을,127.09846544,35.83574861
서곡솔병원,127.09504297,35.83156338
서곡솔병원,127.09519852,35.83151047
서곡엘지아파트,127.09868432,35.83425003
서곡엘지아파트,127.0992055,35.8342444
서곡주공,127.09734126,35.83193609
서곡주공,127.09742206,35.83220955
서곡초교,127.09970528,35.83287355
서곡현대아파트,127.0994101,35.83291087
서낭당,127.15396039,35.82899531
서낭당,127.15423527,35.82905338
서당리,127.16194048,35.91296292
서당리,127.0642577,35.8746321
서당리,127.0618512,35.8759154
서당리,127.16295586,35.91337289
서당마을경로당,127.0604231,35.8757406
서당마을경로당,127.0603283,35.8758575
서도리,127.0024823,35.7721423
서도리,127.0024541,35.7722279
서두마을,127.14839862,35.94182208
서두마을,127.14856133,35.94191868
서두입구,127.152572,35.93499338
서두입구,127.15277042,35.9351225
서둔마을,127.01231786,35.80470559
서둔마을,127.01211112,35.80481743
서릿골,127.00190967,35.7413551
서릿골,127.00215346,35.74145028
서문,127.14111827,35.8167323
서문,127.14150244,35.81714449
서봉마을,127.19620383,35.97702633
서봉마을,127.19620305,35.97681152
서부시장,127.12596271,35.80600325
서부시장,127.12713665,35.80600367
서부신시가지아이파크,127.10620049,35.82747521
서부신시가지아이파크,127.10574482,35.82730591
서서학예그린아파트,127.14798313,35.80326509
서서학예그린아파트,127.14862646,35.80387901
서서학우정목련아파트,127.14622023,35.80135462
서서학우정목련아파트,127.14638647,35.80104093
서신e편한세상,127.10800307,35.83866914
서신e편한세상,127.10774238,35.83889384
서신광진산업아파트,127.1110082,35.83411478
서신광진산업아파트,127.10994674,35.8337847
서신교,127.12871095,35.83022211
서신교,127.12894519,35.83042842
서신남양아파트,127.1152634,35.83367417
서신동주민센터,127.11589385,35.83139685
서신동주민센터,127.11573814,35.83046736
서신로마전교,127.11580966,35.82601545
서신성당,127.11873762,35.8270564
서신성당,127.11851213,35.82667274
서신신일아파트,127.11231278,35.83276897
서신신일아파트,127.11198306,35.83289774
서신신협,127.11563285,35.82733207
서신신협,127.11588987,35.82776457
서신우신아파트,127.12302775,35.82626336
서신유창아파트,127.12246259,35.82666764
서신제일비사벌아파트,127.1135736,35.8323177
서신제일비사벌아파트,127.11370662,35.83203405
서신중흥아파트,127.11567315,35.83480092
서신중흥아파트,127.11538568,35.83408798
서신중흥아파트,127.11605605,35.83489342
서신초교.아이파크이편한세상,127.12634262,35.8289759
서신초교.아이파크이편한세상,127.12608594,35.82916245
서신현대아파트,127.11761223,35.83213953
서신현대아파트,127.11764444,35.83230921
서여마을,127.0755301,35.9168323
서여마을,127.0754579,35.9168726
서원로완산구청네거리,127.11754788,35.81265423
서원로이동교,127.11462547,35.81330815
서원로이동교,127.1141276,35.8131442
서일초교,127.11400487,35.83570818
서일초교,127.11413318,35.83544123
서전주중,127.11475989,35.81107333
서전주중,127.11455012,35.81094588
서정마을,127.14697208,35.94689023
서정마을,127.14674693,35.94721309
서정마을입구,127.14619228,35.94340227
서정마을입구,127.14630224,35.94348417
서학동예술마을,127.1498173,35.8078031
서학동예술마을,127.1495396,35.8080187
서학로교육대학교,127.15417537,35.80943558
석담,126.97229027,35.88793844
석담,126.97206028,35.88859441
석산마을입구,127.08587618,35.79489616
석산마을입구,127.08546637,35.79493811
석장마을,127.25846986,36.06256539
석장마을,127.25811619,36.06240097
석전리,127.10539943,35.91967876
석전리,127.10460502,35.92125904
석전리,127.10517825,35.91964106
석전리,127.10467661,35.92092558
석천마을,127.17991035,36.07614055
석천마을,127.18024096,36.07637714
선동,127.1676146,36.0440298
선동,127.167103,36.0442357
설경마을,127.19358139,35.88067284
설경마을,127.1934476,35.8807898
설경마을종점,127.19634934,35.88266245
설경마을종점,127.1964502,35.88254658
성덕,127.03095478,35.87621671
성덕,127.03093526,35.87645612
성덕교,127.1203982,35.6997695
성덕교,127.1205418,35.6997744
성락타운,127.1506045,35.8448889
성락타운,127.1504883,35.844857
성예요양원,127.07647057,35.80152554
성예요양원,127.07642386,35.80146549
성지동,127.26483585,35.8264779
성지동,127.26468532,35.82655819
세내로농협공판장,127.1108547,35.7931159
세병호입구,127.1326558,35.8788305
소농,127.13773219,35.99889718
소농,127.13757827,35.99889557
소리실,127.12757301,35.77152806
소리실,127.12742924,35.77152701
소모마을,127.10547767,35.65230907
소모마을,127.10569256,35.65223536
소양,127.23294515,35.85562696
소양,127.23316474,35.85581764
소양교,127.15715693,35.87612216
소양교,127.1597444,35.8738314
소양교,127.15729344,35.87591763
소양교,127.15956161,35.87375247
소양서초교,127.2099223,35.85950894
소양서초교,127.21014703,35.85970225
소양작은도서관,127.2291111,35.85458355
소양작은도서관,127.22892691,35.85441152
소양행정복지센터,127.22516257,35.85349548
소양행정복지센터,127.22481892,35.85333055
소향보건진료소,127.25467341,35.98371558
소향보건진료소,127.25451618,35.98388643
소향창포마을,127.25997427,35.98840865
솔바우농원,127.3066703,35.9128684
솔바우농원,127.3068035,35.9127965
송광사,127.24340162,35.88349383
송광사,127.24317502,35.88355097
송광사,127.24265071,35.88291757
송광사,127.24269825,35.88306016
송광성애원,127.24264388,35.89176118
송광성애원,127.24278324,35.89192014
송북초교,127.12372569,35.8639091
송북초교,127.12369476,35.86363645
송삼마을,126.9940011,35.8295442
송삼마을,126.9946633,35.8291746
송정마을,127.12497138,35.91342974
송정마을,127.12167725,35.91206866
송정마을,127.12524397,35.91345208
송정마을,127.1215705,35.91193404
송천 센트럴파크,127.1193766,35.85332881
송천1동주민센터,127.12077329,35.85701397
송천2파출소,127.11802905,35.85863312
송천노인복지센터,127.13057415,35.86832555
송천노인복지센터,127.13099155,35.86863502
송천대명아파트,127.11436691,35.86366623
송천대명아파트,127.11478688,35.8630123
송천동2파출소,127.11781497,35.85863312
송천동성원무지개아파트,127.12181954,35.86543274
송천동성원무지개아파트,127.12138472,35.86493158
송천동종점,127.109252,35.8697397
송천동종점,127.1093354,35.8699041
송천롯데아파트,127.11470965,35.8661518
송천롯데아파트,127.11441981,35.86671868
송천삼거리,127.11984346,35.85668235
송천삼거리 롯데마트,127.11982418,35.85538448
송천서호아파트,127.1188214,35.8558785
송천신일아파트,127.1272632,35.86402015
송천역네거리,127.12129269,35.86878898
송천역네거리,127.1216536,35.8674704
송천정보학교,127.127112,35.8762709
송천정보학교,127.1262834,35.8757968
송천주공2단지,127.12708911,35.86436962
송천주공2단지(오송초교),127.1264262,35.86405704
송천주공아파트,127.12722076,35.86810687
송천주공아파트,127.12751278,35.86783705
송천현대아파트,127.12733436,35.8662239
송천현대아파트,127.12706103,35.86617907
수락마을,127.21539247,36.04262583
수락마을,127.21561566,36.04250111
수만마을,127.27026603,35.93053641
수만마을,127.27055365,35.93059224
수선리종점,127.1865177,36.0138956
수선리종점,127.1865674,36.0139679
수성사입구,127.11860275,35.71552433
수성사입구,127.11840027,35.71555088
수실마을,127.1882455,36.0580276
수실마을,127.18846729,36.05804713
수원지,127.21921716,35.77827929
수원지,127.21910092,35.77841237
수월마을,127.21670258,35.77478429
수월마을,127.21652829,35.7748418
수청마을,127.25355235,36.07549525
수청마을,127.0336722,35.8477432
수청마을,127.0337723,35.847676
수청마을,127.25317456,36.07552895
수협도지회,127.13178496,35.83728498
수협도지회,127.13157897,35.83746271
술테마박물관,127.1363336,35.7285834
숲정이성당,127.13017706,35.83188092
숲정이성당,127.13045206,35.83190592
슬치마을,127.25348091,35.69033991
슬치마을,127.25410863,35.68974254
승덕마을,127.2131676,35.8802092
승덕마을,127.2133114,35.8802637
승암교,127.1635346,35.8088341
승암교,127.1636342,35.8088344
승암마을,127.1624255,35.8083126
승암마을,127.16223517,35.80965565
시외고속간이터미널,127.0689158,35.8701616
시외고속간이터미널,127.069535,35.8703712
시외버스터미널,127.13353119,35.83411679
시외버스터미널,127.13328615,35.83437333
시천마을,127.16684993,35.8898492
시천마을,127.1669746,35.88972799
시평리,127.31231711,35.89076051
시평리,127.31216965,35.89085614
신공마을,127.1966745,36.0325684
신공마을,127.1966407,36.0326945
신교리,127.20931133,35.85044451
신교리,127.20919033,35.85034401
신기,127.14650314,35.89603923
신기,127.14639385,35.89592367
신기마을,127.1818373,35.9980469
신기마을,127.1819318,35.997993
신기종점,127.01889454,35.86032927
신기종점,127.01884593,35.86016873
신당,127.2401356,35.9843966
신당,127.2400909,35.9845002
신덕마을,127.2618054,36.0476935
신덕마을,127.2619607,36.0477388
신덕마을,127.0724211,35.7844056
신덕마을,127.0723716,35.7843513
신덕마을,127.15561505,35.91757482
신덕마을,127.15563528,35.91744526
신덕마을,127.18160409,35.95665088
신덕마을,127.18146221,35.95646969
신덕삼거리,127.15226665,35.6686885
신덕삼거리,127.15206838,35.66875962
신덕신기마을,127.15383814,35.70820839
신덕신기마을,127.1537154,35.70834702
신마산,127.0273084,35.8209793
신마산,127.0269439,35.8210274
신미산,127.10247,35.8926876
신미산,127.1023599,35.8925611
신복,127.14580582,35.98965569
신복,127.14581397,35.98946802
신복리,127.0945991,35.90005063
신복리,127.09486221,35.9047726
신복리,127.0946665,35.90467866
신복리,127.09448333,35.900191
신봉리,127.12994111,35.96449226
신봉리,127.12916313,35.96466687
신봉마을,127.2204443,35.8384862
신봉마을,127.18553981,35.90358132
신봉마을,127.18529666,35.90352559
신봉마을,127.2207213,35.8384328
신사봉,127.30712294,35.90829387
신사봉,127.30685869,35.90824972
신상,127.25804128,35.98639584
신상,127.25826623,35.98609922
신상마을,127.16133136,35.92209853
신상마을,127.16125797,35.92223197
신서마을,127.13250442,35.90986361
신서마을,127.13260464,35.9097421
신성리,126.98848537,35.76421427
신성리,126.9883748,35.76431725
신성리,127.03910551,35.89219012
신성리,127.0390501,35.8922572
신성양노원,127.10530265,35.79029564
신성양노원,127.10549663,35.79027947
신성초교 평화보건지소,127.1356314,35.79047373
신시가지서부파출소,127.09610851,35.8215831
신시가지서부파출소,127.0956874,35.82163401
신암마을,126.98735986,35.83694273
신암마을,126.98716849,35.83690614
신왕리,127.25574044,35.85567568
신왕리,127.25577596,35.85611522
신원리,127.28224587,35.8408948
신원리,127.28208697,35.8407431
신원삼거리,127.28578822,35.84228154
신원삼거리,127.28575777,35.84234791
신원아침도시.힐스테이트,127.11187044,35.81633783
신월동상초등학교,127.29372205,35.95714843
신월마을,127.02739051,35.81125142
신월마을,127.02724655,35.81129292
신월삼거리,127.29521841,35.95841904
신월삼거리,127.29478277,35.95999434
신월삼거리,127.29488873,35.95809264
신유강,127.00220289,35.89078306
신유강,127.00182389,35.89095507
신전마을,127.11506907,35.72291662
신정리,127.11060537,35.92862804
신정리,127.09809345,35.64375603
신정리,127.09744891,35.64419557
신정리,127.1108149,35.92856668
신정마을,127.0715736,35.8916924
신정마을,127.0716016,35.8916294
신중리,127.15166183,35.93396888
신중리,127.15152093,35.93421416
신중마을,127.1424505,35.89488999
신중마을,127.1423838,35.89511686
신지동마을,127.17606407,35.91609041
신지동마을,127.17583291,35.91594461
신지산,127.02550516,35.81454871
신지산마을,127.02552285,35.81442794
신촌마을,127.19041444,35.89807174
신촌마을,127.2252235,35.73463261
신촌마을,127.22562409,35.73460556
신촌마을,127.19033737,35.89802615
신촌마을입구,127.11957992,35.99267068
신촌마을입구,127.1192442,35.99276318
신촌새터,127.2823069,35.8117406
신촌새터,127.2824454,35.8116867
신평,127.11929004,35.7728518
신평,127.11923033,35.77300645
신평마을,127.0592656,35.8939217
신평마을,127.0591875,35.8940026
신풍마을입구,127.04097025,35.8239688
신풍마을입구,127.0407069,35.8238452
신하리,127.1368724,35.96671451
신하리,127.13682793,35.96657528
신흥리,126.99154853,35.84844671
신흥리,126.99177037,35.84841252
신흥리,127.0829305,35.7982481
신흥리,127.0830408,35.7983161
신흥리,127.08117852,35.79873672
신흥리,127.08114331,35.79867294
신흥리,127.21510097,35.76270503
신흥리,127.21536268,35.76267367
신흥마을,127.15652109,35.68186878
신흥마을,127.09476603,35.87798818
신흥마을,127.09497872,35.8778542
신흥마을,127.00460735,35.80920951
신흥마을,127.0049013,35.80916228
신흥마을,127.15662706,35.6819711
신흥중고등학교,127.13766517,35.81577568
신흥중고등학교,127.13765637,35.81550005
실내배드민턴장 조경단,127.13513216,35.85366463
실내배드민턴장 조경단,127.13507863,35.85332241
실로암의집,127.1889513,35.8800994
실로암의집,127.1887863,35.8800836
실용리,127.06606613,35.87826271
실용리,127.06592533,35.87818071
쌍계마을,127.15029011,35.93903306
쌍계마을,127.15048708,35.93926878
쑥고개,127.07038767,35.79433014
쑥고개,127.07003102,35.7945222
씨티병원,127.11202151,35.81569
아래삼거리,127.196406,35.85402895
아래삼거리,127.19623694,35.8542283
아중대우아파트,127.1675838,35.83358
아중대우아파트,127.16767342,35.83422165
아중역.한옥레일바이크,127.17550641,35.83041074
아중역.한옥레일바이크,127.17474659,35.83095074
아중제일2차아파트,127.16732197,35.82629608
아중현대아파트,127.16792027,35.83178082
아하마을,127.1967721,35.8189007
아하마을,127.19670061,35.81881936
안골,127.15480906,35.83654835
안골,127.15536026,35.83675952
안남마을,127.24397532,35.98733534
안덕신기마을,127.0881585,35.6790891
안덕신기마을,127.0881816,35.6788908
안산마을,127.08008306,35.80119547
안산마을,127.07866625,35.79999923
안산마을,127.07863762,35.799931
안산마을,127.08025861,35.80132299
안심마을.한국농수산대학,127.068046,35.8248626
안심마을.한국농수산대학,127.0686734,35.8251263
안행교,127.11800285,35.8064225
안행교,127.1175812,35.80670585
암실,127.066393,35.8848803
암실,127.0663398,35.8848882
앞멀,127.26238571,35.94220196
앞멀,127.26236777,35.94200004
애통리,126.99814425,35.81940589
애통리,126.99911661,35.81866984
애통리,126.99692621,35.81861553
야전리,127.10355762,35.85957322
야전리.유니온시티,127.10456989,35.85885709
약수터주유소,127.16579219,35.80195293
약암마을,127.26201992,35.82473155
약암마을,127.26213625,35.82450595
약암입구,127.27324165,35.84232277
양동마을,127.05430995,35.84359367
양동마을,127.05466606,35.84343424
양마마을,127.06809471,35.85961184
양마마을,127.06771676,35.86005547
양석동,127.04752842,35.78864571
양석동,127.04736381,35.78858873
양야리경로당,127.20573936,35.93277841
양야리경로당,127.20557287,35.93280435
양은마을,127.05281533,35.8426806
양은마을,127.05312332,35.84284526
양전마을,127.1702271,35.92013308
양전마을,127.17084841,35.92005625
양지마을,126.99588569,35.73162903
양지마을,126.99581146,35.73166827
양지중학교,127.12543154,35.79369866
양지중학교,127.12415305,35.79380545
양현초등학교,127.0729704,35.8457128
양현초등학교,127.0723798,35.8453816
양화교회,127.20098811,35.94904807
양화교회,127.20113062,35.94917037
어린이창의체험관,127.1280851,35.8534272
어린이창의체험관,127.1279634,35.8533907
어우가름재,127.18191209,35.96723029
어우가름재,127.1816669,35.9673548
어우리,127.18253206,35.96994821
어우리,127.17837731,35.96742545
어우리,127.17830874,35.96762326
어우리,127.18230666,35.96945522
어은골,127.13220763,35.8244614
어은골,127.13255888,35.8244905
어전마을,127.01801469,35.78222188
어전마을,127.01823219,35.78213418
에코더샵1차,127.1292427,35.8731038
에코더샵2차,127.1337937,35.8783246
에코데시앙4블럭,127.1294301,35.8732938
에코데시앙5블럭,127.1337863,35.8727121
에코데시앙네스트,127.1374362,35.8763837
에코도시상가,127.124132,35.8739237
에코도시상가,127.1236593,35.8731559
에코스위첸,127.1305983,35.8793652
에코스위첸,127.130655,35.8790768
에코시티상가,127.1274581,35.8709795
에코시티상가,127.1277186,35.8721074
에코자이2차,127.136044,35.8756041
에코휴먼빌,127.1339642,35.8725593
엘에스엠트론기술교육아카데미,127.14802702,35.95407774
엘에스엠트론기술교육아카데미,127.14846788,35.95431521
여우치,127.10387129,35.6010317
여우치,127.10417867,35.6011782
여울초교,127.11205578,35.83628984
여울초교,127.11231118,35.83637476
여의동우체국,127.07591729,35.8723613
여의동우체국전북은행,127.07658384,35.8714162
여의동전북은행.농협,127.07686164,35.87118379
여의동전북은행.농협,127.07692636,35.8709944
여의역,127.08328641,35.87607435
여의역,127.08345759,35.87599383
여의우신아파트,127.08138291,35.8734283
여의우신아파트,127.08146851,35.87328843
여차마을,127.03837857,35.81858937
여차마을,127.03822605,35.81838986
역기마을,127.10748372,35.96677988
역기마을,127.10728743,35.9668903
연동,127.3109678,35.89409005
연동,127.31111102,35.89420876
연봉마을,127.12102042,35.89082073
연봉마을,127.1211479,35.8908754
연봉마을입구,127.11780896,35.88571619
연봉마을입구,127.1177341,35.88546297
연탄공장,127.10145969,35.86348636
연화마을,127.12987463,35.85198748
연화마을,127.12977968,35.85240673
염암마을,127.11336749,35.6686512
염암마을,127.11355496,35.66868209
영광맨션,127.16778609,35.93329315
영광맨션,127.16778609,35.93304094
영동고덕아파트,127.1790142,35.79894044
영동고덕아파트,127.17858018,35.7992667
영생고 전주대사대부고,127.09498782,35.81613711
영생고 전주대사대부고,127.09452694,35.81512963
영천마을,126.99172302,35.86786225
영천마을,126.99186977,35.86779329
예곡마을,127.2035285,36.0527611
예곡마을,127.2038835,36.0528341
예비군훈련장,126.9814691,35.81859495
예비군훈련장,126.98164604,35.81868292
예수병원,127.13276292,35.81322379
예수병원,127.13283941,35.81358862
예술고,127.11232157,35.72349125
예술고,127.11214641,35.7233722
예정지,127.1381457,35.8738496
예정지,127.1378576,35.8738667
예촌마을,126.96062827,35.84483
예촌마을,126.96078809,35.84486093
오공공원,127.05715647,35.83313453
오매마을,127.13467161,35.88306647
오매마을,127.13481216,35.88317201
오목대.한옥마을,127.15488388,35.8162542
오목대.한옥마을,127.1544723,35.8155723
오봉리,127.05552101,35.78554435
오봉리,127.05534511,35.78545284
오성리,127.2401117,35.90170537
오성리,127.24027894,35.90157471
오성풍류학교,127.2444702,35.9043366
오송중.예비군훈련장,127.12877523,35.86522573
오송중.예비군훈련장,127.12890468,35.86498574
오신마을,127.0369104,35.8869503
오신마을,127.0368163,35.8869301
오천마을,127.19373599,35.89104912
오천마을,127.19380414,35.89093062
옥동마을,127.1213501,35.9772293
옥동마을,127.12145454,35.97780164
옥성골든카운티,127.09359734,35.7661722
옥성골든카운티,127.09369666,35.76619097
옥포마을,127.2279383,36.0235806
옥포마을,127.2281378,36.0236712
온고을로 미래페이퍼,127.08529072,35.84866117
온고을로 미래페이퍼,127.08547661,35.84904787
온고을장례식장,127.08232212,35.85035334
온빛중학교,127.05764054,35.84277261
온빛초등학교,127.05744365,35.84257278
와동마을,127.13704345,35.74182016
와동마을,127.13698848,35.74206117
완산고입구,127.09120463,35.79891077
완산고입구,127.08995138,35.79851665
완산교,127.13968639,35.81449456
완산구청,127.12080521,35.81228152
완산구청,127.11868782,35.81263555
완산동시외버스정류소,127.13925744,35.81220216
완산동시외버스정류소,127.13903665,35.81225757
완산생활체육공원,127.1011859,35.7684064
완산생활체육공원,127.10117334,35.76857246
완산소방서,127.11750939,35.7985201
완산소방서,127.1178396,35.7987292
완산여고,127.13737968,35.79746601
완산여고,127.1390222,35.79770557
완산체련공원내,127.10252122,35.76770826
완산체련공원내,127.10245669,35.76754554
완주경찰서,127.16602905,35.92709592
완주경찰서,127.16602905,35.92743643
완주고봉동파출소,127.16746889,35.93974878
완주고봉동파출소,127.16750322,35.93950244
완주국민체육센터,127.17362441,35.93745423
완주국민체육센터,127.17401387,35.93788059
완주군독립기념관,127.2590925,36.0417105
완주군독립기념관,127.2591595,36.0415935
완주군청,127.16176944,35.90364372
완주군청,127.16166086,35.90343566
완주대대,127.23403974,35.88731078
완주대대,127.23401534,35.88721297
완주로고당마을,127.15109312,35.87349615
완주로고당마을,127.15177921,35.87479333
완주삼봉1단지아파트,127.1117601,35.922782
완주삼봉1단지아파트,127.11239795,35.92331324
완주중,127.1598458,35.9357287
완주중,127.1599571,35.9356299
왕궁온천,127.05739316,35.92070432
왕궁온천,127.05748103,35.9208612
왕벚꽃마을,127.1208159,35.7373625
왕벚꽃마을,127.1206723,35.7373169
왕정리,127.25205715,35.85989217
왕정리,127.25236176,35.85984915
왜망실,127.198418,35.8198335
왜망실,127.19835726,35.81992474
왜망실입구,127.1930621,35.8169871
왜망실입구,127.1931343,35.8169242
외량마을,127.1501499,35.6673755
외량마을,127.150338,35.6673039
외율,127.1806092,35.9748898
외율,127.1807152,35.9747368
외환은행,127.14647881,35.81950149
외환은행(공단),127.12674706,35.94395119
외환은행(공단),127.12651814,35.94362739
요동마을,127.2737315,36.0487624
요동마을,127.2737761,36.0486904
용강마을,127.10428904,35.77880568
용강마을,127.10469448,35.77933806
용강서원,127.0396271,35.8549592
용강서원,127.03956,35.8550761
용교,127.18529138,35.85779362
용교,127.18531874,35.85764008
용덕마을,127.0521069,35.8802702
용덕마을,127.05010024,35.87489681
용덕마을,127.04841266,35.87570467
용덕마을,127.0520677,35.8803512
용덕마을입구,127.04963988,35.87562024
용덕초등학교,127.0513611,35.8779593
용덕초등학교,127.0512504,35.8779454
용동,127.1554236,35.98082199
용동,127.15527426,35.98068094
용두사,127.14988079,35.89159646
용두사,127.15001596,35.89168873
용머리고개,127.13690696,35.80905101
용머리고개,127.13512512,35.80871108
용문사.반곡마을,127.2936743,35.8474773
용문사.반곡마을,127.2936408,35.8475674
용복마을,127.26106552,36.04142777
용복마을,127.26131049,36.04133915
용복마을,127.1725101,35.927856
용복마을,127.1724836,35.9275584
용봉,127.1793831,36.0410686
용봉,127.1789286,36.0408871
용산리,127.10642417,35.79272062
용산리,127.10647859,35.79290885
용소마을제일아파트,127.11486422,35.86059084
용신마을,127.05955347,35.88230462
용신마을,127.05950143,35.88241399
용암,127.18181571,35.86459324
용암,127.1819929,35.86449703
용암마을,127.13781881,35.95704589
용암마을,127.13771491,35.95757381
용연마을,127.30970461,35.96003544
용연마을,127.24227084,35.86121946
용연마을,127.24230608,35.8610509
용연마을,127.30976894,35.96024369
용와,127.11689018,35.77951566
용와,127.1167743,35.77936912
용정리,127.23199409,35.77524801
용정리,127.23192646,35.77512982
용정마을,127.16677244,35.86595784
용정마을,127.00142554,35.75506744
용정마을,127.26258256,35.68405914
용정마을,127.0750889,35.8494439
용정마을,127.16684529,35.86606524
용정마을,127.0747555,35.8496591
용정마을,127.00101136,35.75515003
용정마을,127.26283993,35.68431501
용정마을.하나로클럽,127.0764847,35.851647
용정마을.하나로클럽,127.0760632,35.8517717
용지종점,126.95583424,35.85385636
용지종점,126.95598172,35.85399433
용지중,126.95897716,35.85015476
용지중,126.95875053,35.85016483
용진,127.15612134,35.88157573
용진,127.15566101,35.88140249
용진,127.15540198,35.88116923
용진대영아파트,127.17291833,35.93394059
용진대영아파트,127.17316506,35.93370355
용진원주아파트,127.1719388,35.9252687
용진원주아파트,127.17202222,35.92528691
용진주유소,127.15673913,35.87831178
용진주유소,127.15657111,35.87857454
용진중,127.15461154,35.88162917
용화동,127.03658295,35.71942572
용화동,127.03677313,35.71945947
용화마을,127.14310266,35.94801632
용화마을,127.14321349,35.94801711
용흥마을,127.11376208,35.87323252
용흥마을,127.11370259,35.87312102
용흥마을,127.07136023,35.82944365
용흥초등학교,127.11211609,35.79362485
용흥초등학교,127.11226001,35.7939262
우림로정동마을,127.10662856,35.78241088
우림로정동마을,127.10671195,35.78238356
우림초교,127.09730441,35.80508187
우목실,127.09388662,35.77884498
우목실,127.09386382,35.77872864
우미린1차아파트,127.0629297,35.8332254
우미린1차아파트,127.0626299,35.8333866
우미린2차아파트,127.0576893,35.8458
우미린2차아파트,127.0578618,35.8456518
우석대종점,127.0667511,35.915344
우석대학교,127.0681731,35.9149452
우석대학교,127.0671015,35.9151198
우아럭키아파트,127.16463352,35.84416667
우아럭키아파트,127.16451237,35.84490223
우아롯데아파트,127.16782411,35.83251021
우아우성아파트,127.15564844,35.85520293
우아중,127.15453607,35.85354059
우전초교,127.10791283,35.8041452
우전초교,127.10781288,35.8045452
운곡마을,127.1575218,35.90409168
운곡마을,127.15812971,35.90422213
운곡용봉초교,127.1565683,35.904808
운곡용봉초교,127.15698152,35.90458201
운교,127.15179911,35.88824877
운교마을,127.15396924,35.88415415
운교마을,127.15644555,35.88509289
운교마을,127.15601684,35.88433656
운암교,127.10581442,35.60878947
운암교,127.1061338,35.60871212
운용마을,127.26197277,35.99058347
운장계곡,127.28858665,35.97978451
운주터미널,127.27750819,36.09278434
운주터미널,127.27730749,36.09287326
웃밤티,127.30999035,35.87713288
웃밤티,127.31019395,35.87714486
웃삼거리,127.2048717,35.85375801
웃삼거리,127.20513559,35.85394002
원가천마을,127.25807809,36.03574927
원가천마을,127.25792207,36.0358204
원간중리,127.18371595,35.89240914
원간중리,127.18415443,35.89240138
원광곡마을,127.15596904,35.74216008
원광곡마을,127.15612646,35.74228264
원구암,127.1071571,35.9404085
원구암,127.10702223,35.94076091
원구암마을,127.10446181,35.94483638
원구암마을,127.10469312,35.94474269
원구제,127.2427555,36.0728939
원구제,127.2426892,36.0728036
원금상경로당,127.1858045,35.8381266
원금상경로당,127.1857215,35.8380948
원내월마을,127.1399755,36.0151804
원내월마을,127.1400752,36.0152078
원당리,127.1112556,35.76097774
원당리,127.11114969,35.76105811
원당리입구,127.11314606,35.76269692
원당리입구,127.11299197,35.76267198
원당마을,127.21218667,35.85446066
원덕촌마을,127.13864205,35.74118692
원덕촌마을,127.13870239,35.74129073
원동마을,127.0350032,35.8578175
원동마을,127.0350096,35.8576642
원마다리,126.99927032,35.84533872
원마다리,126.99916008,35.84530175
원반교,127.0232096,35.8371759
원반교,127.0233204,35.8371628
원반월마을,127.06186407,35.87083797
원반월마을,127.06146908,35.87052845
원백여,127.09564851,35.65858902
원백여,127.09586656,35.65859405
원사봉,127.30594182,35.91853714
원사봉,127.30611032,35.91847498
원산마을,127.19215702,35.97555817
원산마을,127.19242796,35.97553862
원산정,127.1737875,35.852111
원산정,127.1736991,35.8520747
원산정마을회관,127.1750009,35.8508611
원산정마을회관,127.1749895,35.8509242
원산파크,127.1592145,35.8179057
원산파크,127.1590375,35.8178782
원상림,127.0746036,35.815474
원상림,127.074537,35.8155053
원상림입구,127.0706503,35.8136747
원상림입구,127.0710039,35.8138022
원색장마을,127.190115,35.8002698
원색장마을,127.1901706,35.8001978
원서지마을,127.08986314,35.77291401
원서지마을,127.08981665,35.77306649
원석구마을,127.1257924,35.76294285
원석구마을,127.12557503,35.76294167
원성덕,127.15318278,35.92490224
원세동,127.3274573,35.80272082
원세동,127.32763549,35.80278728
원수계리,127.12539617,35.93270207
원수계리,127.12515956,35.93268856
원수선마을,127.1903805,36.0108177
원수선마을,127.1903198,36.0107229
원승치마을,127.2154921,36.0834754
원승치마을,127.2155917,36.0835839
원신금,127.09173104,35.90980455
원신금,127.09206255,35.90987916
원신원,127.297224,35.8385799
원신촌마을,127.2803612,35.8088428
원신촌마을,127.2804995,35.8088566
원쌍정,127.055153,35.9219508
원안덕마을,127.07983613,35.68356853
원안덕마을,127.07976088,35.68338769
원암마을,127.2576155,35.8774851
원암마을,127.2574824,35.8775209
원앙골,127.29061253,35.86015957
원앙골,127.2907497,35.86009313
원오산마을,127.2234787,35.9781789
원오산마을,127.2235345,35.9780934
원오신,127.036897,35.8835422
원오신,127.0367807,35.8835264
원오신마을회관,127.0332761,35.8832036
원오신마을회관,127.0336965,35.8833044
원용암,127.24255267,35.70594767
원용암,127.24257673,35.70648034
원용암마을,127.1381827,35.9577203
원의암마을,127.2345291,35.7961836
원의암마을,127.2344623,35.7963142
원이문,126.9994795,35.8316228
원이문,126.9994014,35.8317307
원이성마을,127.04638418,35.8058686
원이성마을,127.04669223,35.80601525
원이전마을,127.1909894,36.0040709
원이전마을,127.1910286,36.0039898
원종마을,127.22242959,36.00414125
원종마을,127.22229808,36.00397817
원죽림,127.2204006,35.74837624
원죽림,127.22055977,35.74879912
원평시장,126.99307197,35.71427338
원평시장,126.99298502,35.71432152
원평아파트,126.99346492,35.72316017
원평아파트,126.99366913,35.7232817
원평정비공단,126.99507182,35.72091354
원평정비공단,126.99489496,35.72083254
원평종점,126.991006,35.7099699
원평종점,126.9911058,35.7099162
원평초교,126.99525457,35.71784864
원평초교,126.99495176,35.71759311
원평촌,127.15895906,35.76783992
원평촌,127.1584568,35.76656584
원평터미널,126.99182041,35.71227216
원평터미널,126.99200546,35.71225564
원항가마을,127.11971819,35.72239305
원화심마을,127.27048188,35.83715229
원화심마을,127.27029272,35.83720196
원화전,127.0656409,35.8946013
원화전,127.0657957,35.8946515
월곡마을,127.0610968,35.8783334
월곡마을,127.11535737,35.88451513
월곡마을,127.11542915,35.88435986
월곡마을,127.0609162,35.8783382
월곡마을앞,127.1126074,35.8779065
월곡마을앞,127.11285933,35.87772333
월곡마을회관,127.0585313,35.8784818
월곡마을회관,127.0584972,35.8786349
월드컵경기장,127.0629866,35.864241
월드컵경기장남문,127.06384918,35.86608324
월드컵경기장남문,127.06381593,35.86631184
월산리,127.09605289,35.92796723
월산리,127.0961787,35.92807912
월상리,127.2813483,35.8028831
월상리,127.2815032,35.8028924
월선마을,127.08213044,35.79489938
월선마을,127.08220153,35.79476525
월암리,127.16694317,35.97198639
월암리,127.16680612,35.97183107
월암마을,127.20121006,35.77809559
월암마을,127.20118769,35.77790712
월촌마을,127.2750333,36.09141748
월촌마을,127.27540735,36.09179828
월평,127.2808574,35.8051137
월평,127.2807024,35.8051089
월평마을,127.07417594,35.83459645
월평마을,127.07426866,35.83423664
위봉마을,127.25570224,35.90551184
위봉마을,127.25574573,35.90537429
위봉산성,127.2523357,35.90511034
위봉산성,127.25240538,35.90476828
위봉폭포,127.26302545,35.91193199
위봉폭포,127.26307388,35.91174098
유각마을,127.05444325,35.74741719
유각마을,127.05418038,35.74733704
유격대,127.26775445,35.98659012
유로병원,127.1033784,35.8189057
유로병원,127.10407321,35.81920232
유리마을,127.1225683,35.90997387
유리마을,127.12271167,35.91005825
유산마을,127.00254827,35.74578138
유산마을,127.00272492,35.74580087
유상마을,127.26947751,35.83479119
유상마을,127.26928956,35.83485216
유연로중산공원,127.12094987,35.82543987
유연로중산공원,127.12046394,35.82523671
유일여고.쌍용아파트,127.15819068,35.83723305
유일여자고등학교,127.15993797,35.83723127
육육걸즈,127.0829366,35.7926247
육육걸즈,127.0829759,35.7925302
율곡,127.21319703,35.84759487
율곡,127.21327336,35.84771254
율곡리,127.18629225,35.9724843
율곡리,127.18596777,35.97251846
율소리,127.18057356,35.95252189
율소리,127.18031412,35.95222414
율소리,127.18068098,35.95203064
율소리,127.18067824,35.95215919
은교마을,127.00427055,35.81983089
은교마을,127.00449206,35.82015871
은빛마을,127.1555087,35.7367446
은빛마을,127.1556528,35.7366819
은상,127.16445278,35.95691993
은석동입구,127.1926561,35.79442795
은석동입구,127.19301438,35.79441831
은석마을,127.1970032,35.7947785
은석마을,127.1970083,35.7948912
은천마을,127.3189715,35.99116
은천마을,127.3188604,35.991223
은평마을,127.12539149,35.89632568
은평마을,127.12519115,35.89615413
은하교,127.15910514,35.94636873
은하교,127.15960158,35.94554302
은하리,127.15464916,35.94925723
은하리,127.15587632,35.94881332
은혜마을,127.07439614,35.79448985
은혜마을,127.07428166,35.79463487
은화학교,127.08900147,35.82026499
은화학교,127.08885531,35.82011356
음수삼거리,127.27409561,35.95776022
응암마을,127.22219824,35.83070933
응암마을,127.22205352,35.83061184
의암마을,127.23790959,35.79795305
의암마을,127.23803753,35.79776912
이랑둥지,127.31722556,35.81250526
이랑둥지,127.3173265,35.81258379
이마트,127.12083358,35.83209104
이마트,127.12084046,35.83229843
이문리,127.00554682,35.83326306
이문리,127.00537972,35.83331727
이서,127.0229173,35.82016777
이서,127.02352732,35.82040564
이서종점,127.0206476,35.8198475
이서종점,127.02078,35.8199157
이성마을,127.04507091,35.80833536
이성마을,127.04520737,35.80843034
이작마을,127.027322,35.8761667
이편한세상 우아,127.15561827,35.85440409
이편한세상(천변),127.110291,35.83849464
이편한세상(천변),127.11031092,35.83869307
인교마을아중요양병원,127.17349211,35.82884368
인교마을아중요양병원,127.17344848,35.82855924
인덕마을,127.23463055,35.88002328
인덕마을,127.23448499,35.88000643
인덕마을입구,127.23972769,35.86026988
인덕마을입구,127.23912268,35.86022944
인봉초교,127.16529872,35.82745586
인봉초교,127.16574295,35.82726625
인후1동주민센터,127.15619271,35.838455
인후2동주민센터,127.1458535,35.8399927
인후2동주민센터,127.1457041,35.8399607
인후6거리,127.15167961,35.83321244
인후6거리,127.15184677,35.83310547
인후부영2차아파트,127.16430729,35.82924961
인후부영2차아파트,127.16363233,35.830003
인후부영3차아파트,127.17050772,35.82672858
인후부영5차아파트,127.16794612,35.82439205
인후부영6차아파트,127.16768459,35.8268367
인후시립도서관,127.16456874,35.83872307
인후시립도서관,127.16477152,35.83842079
인후아남아파트,127.16663131,35.82558952
인후아남아파트,127.1654766,35.82607147
인후위브어울림아파트,127.15251465,35.84295257
인후위브어울림아파트,127.15200998,35.8426526
인후초교,127.1628757,35.83299303
인후초교,127.16264539,35.83293721
인후휴먼시아아파트,127.15116098,35.83641443
인후휴먼시아아파트,127.15178569,35.83623617
일임교,127.2147476,35.88457792
일임교,127.21452574,35.88461252
일임리,127.21554573,35.88679074
일임리,127.21570273,35.88659348
임전마을,127.2156768,36.009505
임전마을,127.21567537,36.00964919
입석마을,127.27243647,35.92634846
입석마을,127.27229752,35.92620869
자암마을,127.1671463,35.9956899
자암마을,127.1670406,35.9957663
자연초등학교,127.1352186,35.8768187
자연초등학교,127.135295,35.8770714
자포삼거리,127.2132533,35.9780341
자포삼거리,127.2133645,35.9779442
장교리,127.11675906,35.78268192
장교리,127.11689074,35.78264727
장교리,127.11513899,35.78525317
장교리,127.11515982,35.78541717
장구리,127.12599459,35.97050218
장구리,127.12637193,35.97046888
장동리,127.05942308,35.84659383
장동리,127.0592584,35.8464008
장동마을,127.07815096,35.79428451
장동마을,127.07809245,35.79410851
장동초교,127.06223506,35.84870992
장동초교,127.06200484,35.84882038
장승리종점,127.34187102,35.79628564
장승리종점,127.34194062,35.79642195
장승리종점입구,127.33762352,35.79944378
장승리종점입구,127.33774294,35.79965825
장승백이,127.14352842,35.79971923
장승백이,127.143604,35.79936984
장작골,127.10389801,35.58787971
장작골,127.10373582,35.58802884
장파마을,127.09830359,35.69146124
장파마을,127.0979082,35.6916194
장포리,127.12494269,35.91678768
장포리,127.1252477,35.91678768
재남경로당,127.0159953,35.860788
재남경로당,127.0159503,35.8608961
재실마을,127.10458266,35.67263261
재실마을,127.10478198,35.67258903
재전,127.20551602,35.81850626
재전,127.20555573,35.81859241
전강마을,127.11007307,35.97574805
전강마을,127.11000961,35.97587907
전당네거리,127.12921669,35.88661318
전당네거리,127.12895708,35.8867556
전당리,127.12632506,35.88991092
전당리,127.12624006,35.88968292
전동성당.한옥마을,127.14816867,35.81459568
전동성당.한옥마을,127.14835688,35.81462071
전라감영.완산경찰서,127.14699101,35.81594824
전라감영.완산경찰서,127.14597309,35.81548195
전라고,127.12156208,35.86055764
전라고,127.1211436,35.8605886
전라북도교육청 동암고,127.10334623,35.80456422
전라북도교육청 동암고,127.1018953,35.80295883
전라북도교육청 동암고,127.1031382,35.8028949
전북교육문화회관,127.13705488,35.8283769
전북교통문화연수원,127.24610697,35.87363828
전북교통문화연수원.문화마을,127.24629445,35.87372057
전북대국제교류어학원,127.13051093,35.84525276
전북대정문.덕진소방서,127.13321366,35.84113172
전북대종점,127.1275173,35.8495494
전북대종점,127.1275788,35.8494278
전북대학교.농협앞,127.12515768,35.84250102
전북대학교.덕진성당앞,127.12519715,35.84295672
전북대학교.소나무한의원앞,127.12706067,35.84140298
전북대학교.한나여성병원앞,127.12473323,35.8428057
전북대학병원내,127.1423653,35.8457004
전북대학병원입구,127.14277224,35.843452
전북대학병원입구,127.14535014,35.84466416
전북도립미술관,127.1099465,35.7291346
전북도립미술관,127.1101678,35.7291083
전북도립미술관 창작미술센터,127.2117065,35.7668805
전북도립미술관 창작미술센터,127.2116728,35.7670247
전북도립미술관입구,127.11110431,35.72987755
전북도립미술관입구,127.11124679,35.72990646
전북선거관리위원회,127.10401216,35.81372298
전북선거관리위원회,127.10480025,35.81353899
전북어린이창의체험관.덕암,127.12568939,35.85282014
전북어린이창의체험관.덕암,127.12599037,35.85255545
전북여자고등학교,127.083801,35.8735951
전북여자고등학교,127.0839675,35.8735326
전북연구원,127.08473105,35.82162632
전북은행경원지점,127.14605365,35.8209676
전북은행본점,127.13143203,35.84009301
전북일보사,127.1311667,35.8384609
전북자동차학원,127.16027593,35.86564054
전북자동차학원,127.16047943,35.8656265
전북창조경제혁신센터,127.1061115,35.8162305
전북창조경제혁신센터,127.1057628,35.8162474
전북체육고 마수리,127.24726245,35.86489788
전북체육고 마수리,127.24722008,35.8650848
전북체육고등학교종점,127.2482104,35.8647693
전북체육고등학교종점,127.2481332,35.8646699
전북체육중고,127.24969954,35.8665942
전북체육중고,127.24959602,35.86664895
전북테크노파크,127.083705,35.8589049
전북테크노파크,127.0824621,35.8593694
전북하이텍고교.삼례파출소,127.07013643,35.90901729
전북하이텍고교.삼례파출소,127.07022405,35.90891226
전용리,127.12176071,35.82836358
전용리,127.12148674,35.82805427
전일고 롯데마트,127.10166346,35.81613987
전일여객,127.11426908,35.84944843
전일중학교,127.14566,35.8374271
전일중학교,127.1455326,35.8374447
전주IC,127.06047522,35.87426676
전주IC,127.06151827,35.87437912
전주IC,127.06045605,35.8737809
전주가족랜드,127.07359812,35.80813399
전주가족랜드,127.07427372,35.80715618
전주고등학교,127.1525654,35.8242705
전주고등학교,127.15292865,35.82425445
전주공고,127.08067229,35.86542536
전주공고,127.08057177,35.8650508
전주공고정문,127.0775973,35.8629895
전주공고정문,127.0774971,35.8630929
전주교도소,127.12945345,35.7798398
전주교도소,127.12965798,35.77981483
전주농협,127.14637385,35.82651832
전주대성초교,127.1785705,35.7977781
전주대성초교,127.1785096,35.7978005
전주대종점,127.0903328,35.81958534
전주대학교,127.09213921,35.8184177
전주대학교,127.0922917,35.81852007
전주대학교정문,127.09412141,35.81339495
전주대학교정문,127.09421603,35.81275489
전주덕진소방서,127.13409664,35.84088606
전주동물원,127.14153729,35.85448497
전주동물원,127.1411122,35.85480228
전주박물관전주역사박물관,127.09231084,35.79995508
전주박물관전주역사박물관,127.09346687,35.80003655
전주상업정보고,127.12538429,35.81186949
전주생명과학고등학교,127.14835046,35.83502944
전주생명과학고등학교,127.14759274,35.83506423
전주세무서.한국환경공단,127.10229825,35.83844825
전주세무서.한국환경공단,127.10266344,35.83775456
전주시교육청.전주고용복지센터,127.13617762,35.830343
전주시립완산도서관,127.14743749,35.81106397
전주시민기록관,127.1571197,35.83507037
전주시민기록관,127.15755178,35.83497116
전주시보건소,127.14274571,35.81515762
전주시보건소,127.1431769,35.81507129
전주시보건소,127.14291685,35.81475211
전주시양묘장,127.1795887,35.8242298
전주시양묘장,127.1794784,35.8241393
전주시청.노송동시외버스정류소,127.14967928,35.82307474
전주시청.노송동시외버스정류소,127.14844268,35.82471365
전주여자고등학교,127.1454363,35.8354654
전주여자고등학교,127.1453592,35.835357
전주역종점,127.16109889,35.84994976
전주역첫마중길,127.1588352,35.8488499
전주역첫마중길,127.1578906,35.8483197
전주완산수영장,127.104762,35.8026252
전주완산수영장,127.1046471,35.8023769
전주우체국,127.10612158,35.81431468
전주우체국,127.10578701,35.81454653
전주제일고 입구,127.15447909,35.8232333
전주제일고 입구,127.15534938,35.82294804
전주천.서학예술마을,127.1512547,35.810165
전주천.서학예술마을,127.1513001,35.8099217
전주초교,127.14003866,35.82151057
전주초교,127.14015912,35.8216286
전주출입국외국인사무소,127.15073428,35.86273498
전주한옥마을대성공영주차장,127.1706414,35.8003443
전주한옥마을대성공영주차장,127.170514,35.8003755
전주한옥마을대성공영주차장입구,127.1704143,35.8001237
전통춤전수관,127.2293922,35.7781315
전통춤전수관,127.2291269,35.7780408
정각사,127.1529099,35.73167
정각사,127.1530312,35.7317425
정농마을,127.02094484,35.83703038
정농마을,127.02101785,35.83717633
정동마을,127.10393777,35.78315647
정동마을,127.14610764,35.94893902
정동마을,127.14584416,35.94870281
정동마을,127.1038062,35.78295686
정류장예정지역,127.1202367,35.877737
정류장예정지역,127.120348,35.8776292
정비공단,127.09568025,35.85204409
정비공단,127.095864,35.85157634
정비공단입구,127.0889689,35.8465268
정산마을,127.10371694,35.9351126
정산마을,127.10383173,35.93498615
정수리,127.25203436,35.78447802
정수리,127.25219846,35.78440813
정암마을,127.0628015,35.86260577
정암마을,127.06229145,35.86184713
정우정공,127.12724406,35.95522409
정우정공,127.12723055,35.95554824
정자리,127.10409481,35.6466906
정자리,127.10384358,35.64655928
정자리,127.10369671,35.64697592
정자리삼거리,127.10335686,35.64110445
정자리삼거리,127.10354893,35.64131523
정자삼거리,127.19900673,36.02788914
정자삼거리,127.1988745,36.02779813
제뱅이,127.10724384,35.97160192
제뱅이,127.10719502,35.97326991
제상마을,127.1444716,35.95487204
제상마을,127.14479034,35.95518681
제실마을,127.28053229,35.9741034
제일풍경채아파트,127.0781631,35.8377338
제일풍경채아파트,127.0783853,35.8375813
제촌,127.109085,35.99144378
제촌,127.10928768,35.99138125
조사마을,127.0922152,35.9041334
조사마을,127.0919725,35.9039162
조촌초교,127.077388,35.8692523
조촌초교,127.0779079,35.86812128
좁은목,127.1614387,35.80870671
좁은목,127.16164626,35.80896053
종암마을,127.2322389,35.98882905
종합경기장,127.12520761,35.83627383
종합경기장,127.12464075,35.83650057
주공4단지.꽃밭정이아파트,127.13127818,35.79083606
주공4단지.꽃밭정이아파트,127.13177488,35.79175305
주동,127.13821305,35.93882759
주동,127.13807327,35.93868322
주동교,127.1420449,35.93525719
주동교,127.14191982,35.93512699
주리실,127.15273047,35.74718461
주리실,127.15217884,35.74707256
주정마을,127.1047367,35.8891924
주정마을,127.1048018,35.8894721
주정마을,127.1046635,35.8894311
주정마을,127.1046424,35.8892146
죽림마을,127.22429969,35.73683666
죽림마을,127.22412819,35.73799734
죽림마을,127.25327464,36.02266886
죽립마을,127.25371926,36.0225815
죽산마을,127.16253155,35.97410013
죽산마을,127.16258335,35.97425405
죽절리,127.22168317,35.8548458
죽절리,127.22187541,35.85492377
죽절리마을안,127.2197765,35.8570832
죽절리마을안,127.22003036,35.85720102
준한방병원,127.1299393,35.81235
중리,127.13451393,36.00733873
중리,127.29477119,35.85766334
중리,127.29483809,35.85760965
중리,127.13468524,36.00745028
중리마을,127.1377886,36.0116982
중리마을,127.1379218,36.0116941
중산타운,127.11849828,35.81580167
중산타운,127.1180911,35.8160768
중앙공원,127.12514126,35.94334576
중앙공원,127.12560529,35.94316858
중앙시장,127.14388436,35.8261437
중앙시장.세이브존,127.14478939,35.82440898
중앙시장.중앙성당.방송대,127.14462905,35.82397975
중앙여고,127.16879113,35.83007524
중앙여고,127.16910791,35.82981818
중인동,127.09283046,35.76507975
중인동,127.09273302,35.76517858
중인초교,127.09863289,35.76955519
중인초교,127.09848777,35.76957007
중화산2동주민센터,127.11622123,35.8199958
중화산2동주민센터,127.11609981,35.81996786
중화산동오페라하우스,127.1319686,35.8113166
중화산동현대아파트,127.12902712,35.81169705
중화산로완산구청네거리,127.11815693,35.81361408
중화산영무예다음현대아파트,127.1317143,35.8112572
지동마을,127.17952891,35.91263963
지방자치인재개발원,127.02453856,35.83291129
지방자치인재개발원,127.02486991,35.83296805
지사울공원,127.01834339,35.82970673
지사울공원,127.0181453,35.82961498
지산마을,127.0280378,35.81026017
지산마을,127.02817423,35.81033517
지암마을,127.17154856,35.90427527
지암마을,127.17161911,35.90441545
지암입구,127.18226549,35.90923706
지암입구,127.18212507,35.90909664
지향마을,127.2698059,35.9204373
지향마을,127.26967033,35.92053338
진기마을,127.096852,35.88847097
진기마을,127.09685722,35.88856377
진기마을종점,127.0946617,35.8887838
진기마을종점,127.0946779,35.888865
진북동양아파트,127.13684468,35.82664947
진북동양아파트,127.13659388,35.82651846
진북우성아파트.전주고용복지센터,127.13562582,35.83101554
진북우성아파트후문,127.13260158,35.83221319
진북우성아파트후문,127.13260687,35.83235206
진북전자상가,127.13934233,35.83172599
진북전자상가,127.14025275,35.83141746
진북터널,127.12875355,35.82664654
진북터널,127.12854865,35.82638557
진북현대아파트,127.13069984,35.8286869
진북현대아파트,127.13091021,35.82873738
진조리,127.1185346,35.89515165
진조리,127.11862433,35.89517837
진조리종점,127.12006793,35.89984361
진조리종점,127.12023356,35.89995688
진조마을입구,127.12204822,35.88952252
진조마을입구,127.1221038,35.88930687
차량등록사업소,127.14774518,35.86637629
차량등록사업소앞,127.1472287,35.8679981
창곡마을,127.20260532,36.02091918
창곡마을,127.2026089,36.0212304
창피마을,127.1102682,35.9487754
창피마을,127.11014007,35.94891938
척동네거리,127.09831278,35.82433962
척동네거리,127.09758365,35.82422599
척동마을,127.09716066,35.82781526
척동마을,127.0974234,35.8280696
천사마을,127.15846603,35.82357488
천사마을,127.15924108,35.82349591
천수동마을입구,126.98939406,35.83890592
천수동마을입구,126.98972827,35.83894213
천일강변아파트,127.11447243,35.86004601
천잠로.대방노블랜드,127.1034514,35.7957596
천잠로.대방노블랜드,127.1037498,35.7958417
천잠로.우미린1차아파트,127.1011127,35.7986911
천지마을,127.2828098,35.8355821
천지마을,127.2825669,35.8353472
천호동,127.12807426,36.02835138
천호동,127.12781249,36.0283499
천호성지,127.1305191,36.0335332
천호성지,127.1303091,36.0333522
청년회의소,127.15223482,35.84868639
청년회의소,127.15183148,35.84867803
청도리,127.04760786,35.74313478
청도리,127.04768854,35.74307227
청등마을,127.1118894,35.93464277
청등마을,127.11207344,35.93462304
청등마을입구,127.10789523,35.92180055
청등마을입구,127.10780672,35.92212414
청복,127.0393473,35.8702016
청복,127.0393466,35.8703278
청복마을경로당,127.0378951,35.8684919
청복마을경로당,127.0379564,35.8684155
청복마을입구,127.04716206,35.86845692
청복마을입구,127.04728204,35.86839608
청소년상담센터.원광신협,127.13871665,35.83141844
청연,127.0237696,35.784944
체련공원 소리문화의전당,127.13925729,35.85406304
체련공원 소리문화의전당,127.13956112,35.85383428
초남마을,127.02169106,35.85543672
초남마을,127.02180988,35.85553853
초당골,127.103788,35.62031571
초당골,127.10365716,35.62017053
초포로고당마을,127.1504778,35.8742584
초포로고당마을,127.1506003,35.8741145
초포로순복음참사랑교회,127.1478518,35.874395
초포로순복음참사랑교회,127.1481738,35.8742157
초포삼거리,127.15838306,35.87143892
초포삼거리,127.15812863,35.87126792
초포초교,127.13965306,35.87593292
초포초교,127.1400459,35.8759587
추동,127.15161318,35.96117766
추동,127.15142578,35.9611091
추동,127.11138496,35.75431779
추동,127.11156815,35.75450491
추동마을입구,127.15273144,35.95156098
추동마을입구,127.15264527,35.95132603
추동정미소,127.15257122,35.955708
추동정미소,127.1528039,35.95571866
추천대교,127.10941324,35.85120122
추천대교,127.10963811,35.85157764
춘강,126.99059792,35.85808315
춘강,126.99077459,35.85802494
춘향로용암,127.23535432,35.71627241
춘향로용암,127.23486736,35.71658436
충경로 객사,127.14507178,35.81819855
충경로 객사,127.14542022,35.81798392
충경로KT전주지사,127.14790878,35.81872473
치명자산,127.1642594,35.806253
치명자산,127.1643478,35.8062938
칠암마을,127.12781385,35.74867275
칠암마을,127.12804025,35.7486979
칠정경로당,127.0415158,35.8750893
칠정경로당,127.0414552,35.875017
코아루종점,127.12133714,35.96205084
코아루종점,127.12104713,35.96221094
콩쥐팥쥐마을,127.03086959,35.80558912
콩쥐팥쥐마을,127.0307315,35.80543569
키스트전북분원,127.15332146,35.95811974
키스트전북분원,127.15316627,35.95811864
탄광,127.15003406,35.98496147
탄광,127.14959272,35.98512408
탑선마을,127.08584424,35.70990504
탑선마을,127.08582175,35.70968495
태봉마을,127.14874788,35.74479367
태봉마을,127.14897605,35.74469692
태실마을,127.14677642,35.74409607
태실마을,127.14683285,35.74398831
터지내마을,127.13875992,35.90524874
터지내마을,127.13861523,35.90536272
토정마을,127.21388945,35.87135873
토정마을,127.21379998,35.87144828
토종한봉꿀농장,127.3067044,35.9207296
토종한봉꿀농장,127.3068264,35.9206892
통샘,127.10651691,35.96026994
통샘,127.10631513,35.96030512
통정교,127.11117475,35.96151037
통정교,127.11111553,35.96166392
팔달로 예술회관,127.14748975,35.81706612
팔달로 예술회관,127.14730145,35.81708281
팔복근린상가,127.10516829,35.85328787
팔복근린상가,127.1038692,35.85285666
팔복남양아파트,127.10246158,35.84987045
팔복남양아파트,127.10245833,35.84929956
팔복예술공장,127.10059332,35.85588544
팔복예술공장.동명기계,127.1007816,35.8562058
팔복예술공장.연탄공장,127.10129843,35.86347067
팔복주유소,127.10381288,35.85454879
팔선마을,127.04114798,35.86222694
팔선마을,127.04124714,35.86218725
팔선마을경로당,127.0426251,35.859402
팔선마을경로당,127.0425256,35.8593656
평리,127.09039606,35.88385292
평리,127.09018706,35.88384509
평촌교,127.1586179,35.76458942
평촌교,127.15840794,35.76463842
평촌정미소,127.15846612,35.76098149
평촌정미소,127.15863412,35.7609249
평화2동주민센터,127.13629562,35.79547055
평화2동주민센터,127.13656873,35.79607586
평화골드클래스.그린1차아파트,127.12989151,35.78420796
평화그린1차아파트,127.12998758,35.78420517
평화그린2차아파트,127.13386055,35.78571506
평화그린2차아파트,127.13413445,35.78558901
평화동도미소드림아파트,127.12963818,35.78581599
평화동신성마을,127.13532586,35.78849548
평화동신성마을,127.13504322,35.7885224
평화동신아파트,127.12222405,35.79336774
평화동신아파트,127.12253462,35.79306214
평화동종점,127.12225419,35.77817471
평화동종점,127.1226872,35.77802464
평화삼성강남아파트,127.130503,35.78842983
평화삼성강남아파트,127.13073783,35.78844676
평화신기마을,127.12738583,35.77279559
평화신기마을,127.1276944,35.77317756
평화우체국 평화보건지소,127.13617225,35.79132522
평화주공1.2단지,127.14108794,35.79883454
평화주공1.2단지,127.14142127,35.798558
평화코오롱아파트,127.13225296,35.79356814
평화코오롱아파트,127.13218022,35.7944849
평화코오롱아파트후문,127.1363076,35.7931216
평화현대아파트입구,127.13145713,35.78727976
폭포산장,127.19025006,35.79639292
폭포산장,127.19003196,35.79617856
푸른솔아파트,127.07484278,35.86722828
푸른솔아파트,127.07449234,35.867854
풍남문,127.14712199,35.81349842
풍남정,127.16275921,35.80581119
풍남중,127.11669807,35.79961
풍남중,127.11701353,35.79917526
풍림아이원,127.1257966,35.8120153
플라즈마연구센터,127.1351189,35.95937433
하가더루벤스아파트,127.10894951,35.84599612
하가더루벤스아파트,127.10918317,35.8458897
하가부영아파트,127.10908478,35.84327127
하가부영아파트,127.10928361,35.8433088
하가영무예다음아파트,127.11010185,35.83988337
하가영무예다음아파트,127.11066824,35.83971631
하가지구영무예다음,127.1113025,35.84202607
하가지구영무예다음,127.11129936,35.84168582
하가지구휴먼빌아파트,127.11496449,35.83862532
하가지구휴먼빌아파트,127.11477753,35.83851579
하검태마을,127.32852487,35.93429291
하관전,127.1889431,35.868309
하관전,127.1890765,35.8681741
하구미리,127.13572407,35.92857895
하구미리,127.13557909,35.92884068
하나로클럽,127.07787678,35.85387041
하나로클럽,127.07765233,35.85394188
하나로클럽,127.07762199,35.85238121
하늘채아파트,127.11584018,35.82375513
하리,127.28437952,35.85145516
하리,127.2844911,35.85162251
하리,127.09837918,35.89873502
하리,127.09776574,35.89924546
하망표,127.23898968,35.85008537
하망표,127.23912886,35.85016317
하분토,127.22948834,35.86293056
하분토,127.22936475,35.86285779
하삼마을,127.2191936,35.98688879
하삼마을,127.21938231,35.98690747
하오마을,127.13340025,35.90014623
하오마을,127.13320554,35.90030901
하용.마안마을,127.23904863,36.0067709
하용.마안마을,127.23882818,36.00662529
하운교,127.0404147,35.72622449
하운교,127.04034129,35.7263546
하운동마을,127.04400844,35.73281232
하운동마을,127.04394401,35.73286424
하운암,127.10869525,35.59772402
하운암,127.1103971,35.60685332
하운암,127.10854435,35.5976497
하이리,127.17258921,35.8594493
하이리,127.17267406,35.85942592
하이리교,127.17335172,35.8550921
하이리교,127.17358342,35.85501571
하이삼거리,127.17459221,35.86201201
하이삼거리,127.17459517,35.8621785
하이트맥주,127.16752884,35.92041312
하이트맥주,127.16819719,35.92086102
하인교마을,127.17066002,35.82786676
하인교마을,127.17090123,35.82765841
하척마을,127.15504884,35.75089421
하척마을,127.1549304,35.75103026
하천마을,127.00389713,35.76670248
하천마을,127.00381423,35.76672825
하학,127.11576946,35.73199297
하학,127.11571379,35.73214017
학다리마을,127.17231039,35.94395661
학다리마을,127.17224212,35.94369721
학동마을,127.22910217,35.72869523
학동마을,127.28029955,35.91908678
학동마을,127.10040645,35.93280133
학동마을,127.10042418,35.93294383
학동마을,127.22904841,35.72825208
학래마을,127.1183593,35.7330539
학래마을,127.1182813,35.7331709
학산마을,127.16023285,35.70046075
학산마을,127.16006238,35.70044302
학전마을,127.11012325,35.76661651
학전마을,127.10993923,35.76664764
학전정보화마을,127.1080425,35.7656677
학전정보화마을,127.1080034,35.7657397
학정마을,127.18414654,36.07231201
학정마을,127.18374746,36.07225522
한국건강관리협회,127.1204101,35.84036684
한국건강관리협회,127.11959615,35.83993218
한국국토정보공사,127.0657573,35.8385462
한국국토정보공사,127.0656677,35.8387262
한국농수산대학후문,127.07107019,35.82963969
한국도로공사 전주수목원,127.0534636,35.8720635
한국도로공사 전주수목원,127.05029419,35.87270421
한국방송통신대,127.14030958,35.82597915
한국식품연구원,127.0489664,35.833301
한국식품연구원,127.04906391,35.8336941
한국은행,127.13953366,35.82907929
한국은행.청소년상담센터,127.13914965,35.83032546
한국장애인고용공단전북지사,127.15111712,35.84642572
한국전기안전공사,127.05575392,35.83473953
한국전기안전공사,127.05551065,35.8347196
한국전기안전공사정문,127.05599513,35.83586986
한국전기안전공사정문,127.05700526,35.83562543
한국출판문화산업진흥원,127.06310675,35.83863535
한국출판문화산업진흥원,127.06315462,35.83832929
한들초교,127.11804018,35.81934559
한들초교,127.11834471,35.81952348
한마음병원.전주병원,127.12333066,35.81413825
한마음병원.전주병원,127.1227635,35.81342411
한벽루 자만벽화마을,127.15712386,35.81372132
한벽루자만벽화마을,127.15651334,35.8135075
한별고등학교,127.07164211,35.91002339
한별고등학교,127.07177901,35.90989749
한사월마을,127.14874546,35.88534224
한사월마을,127.14895151,35.88556311
한솔재활요양병원,127.11795448,35.79232349
한솔재활요양병원,127.11766906,35.79268095
한일고,127.12261048,35.83086462
함대루.농협공판장,127.108403,35.7943477
항공대대입구,127.0196716,35.8787213
항공대대입구,127.0200291,35.8782358
해교리,127.01579948,35.83256006
해교리입구,127.0177977,35.8318104
해교리입구,127.01792,35.8317298
해성중고,127.1047217,35.78632728
해성중고,127.10455327,35.78653669
해월리,127.26194626,35.84916018
해월리,127.2616205,35.8485087
해전,127.0452163,35.9005628
해전,127.0451389,35.900549
행화촌마을,126.9148188,35.8611195
혁신농협지점사거리,127.05740506,35.83831895
혁신농협지점사거리,127.05747997,35.83853584
혁신도시상가,127.05864908,35.83798561
혁신도시상가,127.05831662,35.83801906
혁신도시입구,127.0703239,35.8245534
혁신도시입구,127.071243,35.8249595
혁신도시입구,127.07076367,35.82614218
혁신상가네거리,127.05894983,35.83591826
혁신상가네거리,127.05912414,35.83615396
혁신에코르1단지,127.05324857,35.84162048
혁신에코르1단지,127.05353699,35.84156868
혁신에코르2단지정문,127.0210619,35.8282711
혁신에코르2단지정문,127.021172,35.8283798
혁신에코르3단지,127.02461677,35.82776207
혁신에코르3단지,127.02444015,35.82772458
혁신이노팰리스,127.0617583,35.8454984
혁신이노팰리스,127.0616009,35.8459396
혁신이노힐스아파트,127.05564147,35.83775413
혁신이노힐스아파트,127.05544438,35.83757232
혁신이노힐스아파트후문,127.05237334,35.83889167
혁신이노힐스아파트후문,127.05243696,35.83912651
혁신중흥S클래스,127.0558751,35.8426692
혁신중흥S클래스,127.0559033,35.8425836
혁신호반1차아파트,127.06446596,35.83694249
혁신호반3차아파트,127.0668632,35.8328908
혁신호반3차아파트,127.0664632,35.8331418
혁신호반5차아파트,127.05834319,35.84039085
혁신호반6차아파트,127.05860712,35.84053713
현대에코르아파트,127.11607978,35.82461453
현대에코르아파트후문,127.11795216,35.82300677
현대에코르아파트후문,127.11815648,35.82327219
현대자동차,127.13694771,35.94360916
현대자동차,127.1346691,35.9438611
현대자동차출고장,127.1390251,35.95523386
현대자동차출고장,127.13979975,35.95554154
현대자동차출고장,127.13904859,35.95541702
현대자동차출고장,127.13946789,35.9555686
현암마을,127.1641887,35.9919491
현함마을,127.1643222,35.9918819
호남고속,127.10457561,35.85689522
호남고속,127.10386819,35.85667894
호남제일고,127.09807381,35.81348304
호남제일고,127.09796491,35.81379234
호남제일문,127.07153191,35.86762751
호남제일문,127.07112831,35.86776036
호동마을,127.08149515,35.79006841
호동마을,127.08131838,35.79004903
호동마을입구,127.08284165,35.79418865
호반2차아파트,127.06347119,35.84341507
호반2차아파트,127.06300164,35.84380798
호반2차정문,127.0639841,35.8406576
호반더센트럴,127.06115383,35.83862137
호반베르디움더1차A,127.0568706,35.8408922
호반베르디움더1차A,127.0568489,35.840811
호반베르디움아파트,127.10836797,35.8252457
호반베르디움아파트,127.10831305,35.82539224
호반유치원입구,127.09642094,35.80144448
호반유치원입구,127.09642925,35.80106917
호반촌비사벌아파트,127.12146814,35.85120373
호성동신아파트,127.15565437,35.85831731
호성동신아파트,127.1552294,35.85815573
호성동아아파트,127.15374443,35.85959779
호성동아아파트,127.15352754,35.86045947
호성동엘지동아아파트,127.15149007,35.85489152
호성동엘지동아아파트,127.15102965,35.85527563
호성동주민센터,127.15036145,35.86374311
호성로 우아중,127.15363551,35.85333135
호성로 우아중,127.1537574,35.85354332
호성유원아파트,127.153752,35.8585547
호성주공,127.15339778,35.85813228
호성주공,127.15195548,35.85784878
호성중,127.16008806,35.86282692
호성중,127.15972862,35.86262591
호성진흥3단지,127.14731266,35.86634247
호성진흥더블파크,127.14890823,35.86463135
홍개,127.02444096,35.84797008
홍개,127.02452852,35.84805191
홍산로 경찰청,127.10625959,35.82380993
홍산로 경찰청,127.1056791,35.82383969
홍산로전북도청,127.10628065,35.8216641
홍산로전북도청,127.10569896,35.82167454
화개네거리,127.06893191,35.85561051
화개네거리,127.06824743,35.85629267
화개마을,127.06696338,35.85772649
화개마을,127.06743908,35.85771813
화산면,127.20331453,36.0342268
화산면,127.20351516,36.034138
화산삼거리,127.23079003,35.999887
화산삼거리,127.23058952,35.99997585
화산체육관.전주시립도서관꽃심,127.12257289,35.81981826
화산체육관.전주시립도서관꽃심,127.12313503,35.82091815
화산터미널,127.20613628,36.03607569
화산터미널,127.20635837,36.03605914
화산파출소,127.20025615,36.03380988
화산파출소,127.20025414,36.03400814
화신마을,127.0368353,35.8912849
화신마을,127.0369416,35.8912943
화심,127.26903918,35.84438265
화심,127.2687245,35.84420658
화심교회,127.2743827,35.8422079
화심온천,127.27998402,35.84074807
화심온천,127.27998402,35.84091631
화약골,127.15724898,35.82982541
화약골,127.15724898,35.83007349
화원교,127.16323352,35.74686863
화원교,127.16338104,35.74673372
화원마을,127.16580114,35.75523732
화원마을,127.16595591,35.75528778
화월리,127.20011758,36.0321506
화월리,127.20025145,36.03207939
화월삼거리,127.193271,36.03762056
화월삼거리,127.19307182,36.03756514
화전리,127.07717972,35.89108025
화전리,127.0769128,35.8909179
화정리,127.1416561,35.875107
화정리,127.1415904,35.8749265
화정마을,127.14196852,35.86917679
화정마을,127.14291558,35.86866252
화정마을,127.19188246,35.95396589
화정마을,127.19187112,35.95383055
화정유료낚시터,127.20541821,35.94005636
화정유료낚시터,127.20520422,35.94009128
화평,127.15824254,35.83217988
화평,127.15827337,35.8330179
환경사업소,127.11083806,35.87544492
환경사업소,127.11102577,35.87531233
황소마을,127.08144738,35.76955585
황소마을,127.08133376,35.76970884
황제식품,127.18461232,35.90540524
황제식품,127.18441404,35.90529574
황조리마을,127.3131117,35.8837206
황조리마을,127.3129561,35.8839368
황토나라,127.27848296,35.84893992
황토나라,127.27828609,35.84904738
회룡마을,127.03484978,35.85637604
회룡마을,127.10227225,35.88041466
회룡마을,127.03471506,35.85639092
회룡마을,127.10222043,35.88026008
회포대교,127.12495923,35.90821084
회포대교,127.12524053,35.90789425
효관마을,127.16047848,35.74388304
효관마을,127.16036053,35.74402509
효문여중,127.12072311,35.79850143
효문여중,127.1205477,35.79875638
효자4동 근린공원,127.10082623,35.80986678
효자4동주민센터,127.09801729,35.8035818
효자4동주민센터,127.09722387,35.80387068
효자SK리더스뷰,127.1080203,35.81381547
효자공원,127.08483503,35.82187035
효자광장,127.12226214,35.80596921
효자광장,127.12086554,35.80631791
효자광진공작아파트,127.12692788,35.80149939
효자광진맨션아파트,127.1243747,35.80397906
효자광진맨션아파트,127.12447188,35.80313307
효자남양황실아파트,127.12354014,35.80884862
효자다리,127.11485053,35.81915827
효자다리,127.1143533,35.8188954
효자로전라북도도청,127.10806708,35.8189981
효자로전라북도도청,127.10768278,35.81918961
효자롯데아파트,127.11285154,35.80587545
효자세븐펠리스,127.10182271,35.81110235
효자엘드아파트,127.10812742,35.81345643
효자주공3단지,127.13090392,35.80703339
효자주공3단지,127.13053831,35.80723567
효자한양운남아파트,127.12287575,35.8100333
효자현대아파트,127.11302085,35.80556704
효자휴먼시아 1단지,127.09672135,35.80884905
효자휴먼시아 1단지,127.09647271,35.80902202
효자휴먼시아 2.3단지,127.10071832,35.808788
효자휴먼시아 2.3단지,127.09990093,35.80789907
효자휴먼시아 3단지,127.10134815,35.8089394
효자휴먼시아 3단지,127.10130648,35.80935611
효자휴먼시아 4단지,127.0962581,35.8057968
효자휴먼시아 4단지 정문,127.0976538,35.8055851
효자휴먼시아5단지,127.1052642,35.8094007
효자휴먼시아5단지,127.1051739,35.8097611
효자휴먼시아6단지,127.10387,35.8070745
효자휴먼시아6단지,127.1037249,35.8062129
효천,127.17846939,35.87947253
효천,127.18077428,35.88004125
효천대방노블랜드,127.1060015,35.7970393
효천리버클래스아파트,127.1062659,35.7972926
효천우미린1차아파트,127.101455,35.7988636
효천우미린1차아파트,127.1033615,35.7982658
효천우미린2차아파트,127.1060108,35.799654
효천우미린2차아파트,127.1062751,35.7999073
효천초등학교,127.1053963,35.7985881
효천초등학교,127.1045541,35.7988017
후농마을,127.03272733,35.82283753
후상,127.0612904,35.9074928
후상,127.0612249,35.9073213
후와리,127.11069227,35.91229759
후와리,127.11073751,35.91242734
후와마을,127.10760361,35.91378129
후와마을,127.10766789,35.91391631
후정,127.0636606,35.9077629
후정,127.0637712,35.9077904
휴비스전주공장,127.09646937,35.85843146
휴비스전주공장,127.09646779,35.85805152
흑석골,127.14982622,35.79763853
흑석골,127.14952594,35.79766091
흑석골입구,127.14995377,35.80419902
흑석골입구,127.15111451,35.80529839
흑석골종점,127.1481832,35.795091
흑석골종점,127.1481829,35.7951631
흑석대승푸른맨션,127.1505434,35.79957576
흑석대승푸른맨션,127.15072101,35.79953534
흑석송원아파트,127.15005506,35.80233492
흑석송원아파트,127.1503762,35.80190147
흥국생명,127.1419199,35.82811986
흥국화재,127.14684003,35.81917719
